name	link
Noel Acciari	https://www.hockey-reference.com/players/a/acciano01.html
Calen Addison	https://www.hockey-reference.com/players/a/addisca01.html
Egor  Afanasyev	https://www.hockey-reference.com/players/a/afanaeg01.html
Sebastian Aho	https://www.hockey-reference.com/players/a/ahose01.html
Sebastian Aho	https://www.hockey-reference.com/players/a/ahose02.html
Nikita Alexandrov	https://www.hockey-reference.com/players/a/alexani01.html
Alexander Alexeyev	https://www.hockey-reference.com/players/a/alexeal01.html
Jake Allen	https://www.hockey-reference.com/players/a/allenja01.html
Michael Amadio	https://www.hockey-reference.com/players/a/amadimi01.html
Nils Åman	https://www.hockey-reference.com/players/a/amanni01.html
Frederik Andersen	https://www.hockey-reference.com/players/a/anderfr01.html
Joey Anderson	https://www.hockey-reference.com/players/a/anderjo08.html
Josh Anderson	https://www.hockey-reference.com/players/a/anderjo05.html
Michael Anderson	https://www.hockey-reference.com/players/a/andermi02.html
Jaret Anderson-Dolan	https://www.hockey-reference.com/players/a/anderja01.html
Rasmus Andersson	https://www.hockey-reference.com/players/a/anderra01.html
Emil Andrae	https://www.hockey-reference.com/players/a/andraem01.html
Tyler Angle	https://www.hockey-reference.com/players/a/anglety01.html
Justus Annunen	https://www.hockey-reference.com/players/a/annunju01.html
Kenneth Appleby	https://www.hockey-reference.com/players/a/appleke01.html
Mason Appleton	https://www.hockey-reference.com/players/a/applema01.html
Joel Armia	https://www.hockey-reference.com/players/a/armiajo01.html
Viktor Arvidsson	https://www.hockey-reference.com/players/a/arvidvi01.html
Yaroslav Askarov	https://www.hockey-reference.com/players/a/askarya01.html
Zach Aston-Reese	https://www.hockey-reference.com/players/a/astonza01.html
Andreas Athanasiou	https://www.hockey-reference.com/players/a/athanan01.html
Cam Atkinson	https://www.hockey-reference.com/players/a/atkinca01.html
Ronald Attard	https://www.hockey-reference.com/players/a/attarro01.html
Nicolas Aubé-Kubel	https://www.hockey-reference.com/players/a/aubekni01.html
Mikael Backlund	https://www.hockey-reference.com/players/b/backlmi01.html
Nicklas Bäckström	https://www.hockey-reference.com/players/b/backsni02.html
Kevin Bahl	https://www.hockey-reference.com/players/b/bahlke01.html
Justin Bailey	https://www.hockey-reference.com/players/b/baileju01.html
Arshdeep Bains	https://www.hockey-reference.com/players/b/bainsar01.html
Uvis Balinskis	https://www.hockey-reference.com/players/b/balinuv01.html
Alexander Barabanov	https://www.hockey-reference.com/players/b/barabal01.html
Ivan Barbashev	https://www.hockey-reference.com/players/b/barbaiv01.html
Aleksander Barkov	https://www.hockey-reference.com/players/b/barkoal01.html
Alex Barré-Boulet	https://www.hockey-reference.com/players/b/barreal01.html
Tyson Barrie	https://www.hockey-reference.com/players/b/barrity01.html
Justin Barron	https://www.hockey-reference.com/players/b/barroju01.html
Morgan Barron	https://www.hockey-reference.com/players/b/barromo01.html
Mathew Barzal	https://www.hockey-reference.com/players/b/barzama01.html
Nathan Bastian	https://www.hockey-reference.com/players/b/bastina01.html
Drake Batherson	https://www.hockey-reference.com/players/b/bathedr01.html
Jake Bean	https://www.hockey-reference.com/players/b/beanja01.html
Ethan Bear	https://www.hockey-reference.com/players/b/bearet01.html
Anthony Beauvillier	https://www.hockey-reference.com/players/b/beauvan01.html
Adam Beckman	https://www.hockey-reference.com/players/b/beckmad01.html
Connor Bedard	https://www.hockey-reference.com/players/b/bedarco01.html
John Beecher	https://www.hockey-reference.com/players/b/beechjo01.html
Pierre-Édouard Bellemare	https://www.hockey-reference.com/players/b/bellepi01.html
Louis Belpedio	https://www.hockey-reference.com/players/b/belpelo01.html
Emil Bemström	https://www.hockey-reference.com/players/b/bemstem01.html
Matthew Beniers	https://www.hockey-reference.com/players/b/beniema01.html
Jamie Benn	https://www.hockey-reference.com/players/b/bennja01.html
Sam Bennett	https://www.hockey-reference.com/players/b/bennesa01.html
Matt Benning	https://www.hockey-reference.com/players/b/bennima01.html
Simon Benoit	https://www.hockey-reference.com/players/b/benoisi01.html
Zach Benson	https://www.hockey-reference.com/players/b/bensoza01.html
Jonatan Berggren	https://www.hockey-reference.com/players/b/berggjo02.html
Jacob Bernard-Docker	https://www.hockey-reference.com/players/b/bernaja01.html
Tyler Bertuzzi	https://www.hockey-reference.com/players/b/bertuty01.html
Jordan Binnington	https://www.hockey-reference.com/players/b/binnijo01.html
Brandon Biro	https://www.hockey-reference.com/players/b/birobr01.html
Oliver Bjorkstrand	https://www.hockey-reference.com/players/b/bjorkol01.html
Tobias Björnfot	https://www.hockey-reference.com/players/b/bjornto01.html
Nick Bjugstad	https://www.hockey-reference.com/players/b/bjugsni01.html
Colin Blackwell	https://www.hockey-reference.com/players/b/blackco01.html
Mackenzie Blackwood	https://www.hockey-reference.com/players/b/blackma01.html
Sammy Blais	https://www.hockey-reference.com/players/b/blaissa01.html
Jackson Blake	https://www.hockey-reference.com/players/b/blakeja02.html
Nick Blankenburg	https://www.hockey-reference.com/players/b/blankni01.html
Anton Blidh	https://www.hockey-reference.com/players/b/blidhan01.html
Teddy Blueger	https://www.hockey-reference.com/players/b/bluegte01.html
Sergei Bobrovsky	https://www.hockey-reference.com/players/b/bobrose01.html
Brock Boeser	https://www.hockey-reference.com/players/b/boesebr01.html
Zach Bogosian	https://www.hockey-reference.com/players/b/bogosza01.html
Samuel Bolduc	https://www.hockey-reference.com/players/b/boldusa01.html
Zachary Bolduc	https://www.hockey-reference.com/players/b/bolduza01.html
Matt Boldy	https://www.hockey-reference.com/players/b/boldyma01.html
Nick Bonino	https://www.hockey-reference.com/players/b/boninni01.html
Adam Boqvist	https://www.hockey-reference.com/players/b/boqviad01.html
Jesper Boqvist	https://www.hockey-reference.com/players/b/boqvije01.html
Thomas Bordeleau	https://www.hockey-reference.com/players/b/bordeth01.html
William Borgen	https://www.hockey-reference.com/players/b/borgewi01.html
Robert Bortuzzo	https://www.hockey-reference.com/players/b/borturo01.html
Evan Bouchard	https://www.hockey-reference.com/players/b/bouchev01.html
Mavrik Bourque	https://www.hockey-reference.com/players/b/bourqma01.html
Shane Bowers	https://www.hockey-reference.com/players/b/bowersh01.html
Travis Boyd	https://www.hockey-reference.com/players/b/boydtr01.html
Erik Brännström	https://www.hockey-reference.com/players/b/branner01.html
Jesper Bratt	https://www.hockey-reference.com/players/b/brattje01.html
Justin Brazeau	https://www.hockey-reference.com/players/b/brazeju01.html
Gavin Brindley	https://www.hockey-reference.com/players/b/brindga01.html
Bobby Brink	https://www.hockey-reference.com/players/b/brinkbo01.html
Brendan Brisson	https://www.hockey-reference.com/players/b/brissbr01.html
Philip Broberg	https://www.hockey-reference.com/players/b/brobeph01.html
T.J. Brodie	https://www.hockey-reference.com/players/b/broditj01.html
Jonas Brodin	https://www.hockey-reference.com/players/b/brodijo01.html
Jonny Brodzinski	https://www.hockey-reference.com/players/b/brodzjo01.html
Laurent Brossoit	https://www.hockey-reference.com/players/b/brossla01.html
Connor Brown	https://www.hockey-reference.com/players/b/brownco02.html
Josh Brown	https://www.hockey-reference.com/players/b/brownjo01.html
Patrick Brown	https://www.hockey-reference.com/players/b/brownpa02.html
Jacob Bryson	https://www.hockey-reference.com/players/b/brysoja01.html
Pavel Buchnevich	https://www.hockey-reference.com/players/b/buchnpa01.html
Michael Bunting	https://www.hockey-reference.com/players/b/buntimi01.html
André Burakovsky	https://www.hockey-reference.com/players/b/burakan01.html
Callahan Burke	https://www.hockey-reference.com/players/b/burkeca01.html
Brent Burns	https://www.hockey-reference.com/players/b/burnsbr01.html
Kyle Burroughs	https://www.hockey-reference.com/players/b/burroky01.html
Cameron Butler	https://www.hockey-reference.com/players/b/butleca01.html
Quinton Byfield	https://www.hockey-reference.com/players/b/byfiequ01.html
Bowen Byram	https://www.hockey-reference.com/players/b/byrambo01.html
Jack Campbell	https://www.hockey-reference.com/players/c/campbja01.html
Michael Carcone	https://www.hockey-reference.com/players/c/carcomi01.html
Declan Carlile	https://www.hockey-reference.com/players/c/carlide01.html
Brandon Carlo	https://www.hockey-reference.com/players/c/carlobr01.html
John Carlson	https://www.hockey-reference.com/players/c/carlsjo01.html
Leo Carlsson	https://www.hockey-reference.com/players/c/carlsle01.html
Ryan Carpenter	https://www.hockey-reference.com/players/c/carpery01.html
Sam Carrick	https://www.hockey-reference.com/players/c/carrisa01.html
Alexandre Carrier	https://www.hockey-reference.com/players/c/carrial01.html
William Carrier	https://www.hockey-reference.com/players/c/carriwi01.html
Jeff Carter	https://www.hockey-reference.com/players/c/carteje01.html
Noah Cates	https://www.hockey-reference.com/players/c/catesno01.html
Cole Caufield	https://www.hockey-reference.com/players/c/caufico01.html
Cody Ceci	https://www.hockey-reference.com/players/c/cecico01.html
Erik Černák	https://www.hockey-reference.com/players/c/cernaer01.html
Thomas Chabot	https://www.hockey-reference.com/players/c/chaboth01.html
Mitchell Chaffee	https://www.hockey-reference.com/players/c/chaffmi01.html
Rourke Chartier	https://www.hockey-reference.com/players/c/chartro01.html
Jalen Chatfield	https://www.hockey-reference.com/players/c/chatfja01.html
Ben Chiarot	https://www.hockey-reference.com/players/c/chiarbe01.html
Nikita Chibrikov	https://www.hockey-reference.com/players/c/chibrni01.html
Yegor Chinakhov	https://www.hockey-reference.com/players/c/chinaye01.html
Declan Chisholm	https://www.hockey-reference.com/players/c/chishde01.html
Jake Christiansen	https://www.hockey-reference.com/players/c/chrisja01.html
Magnus Chrona	https://www.hockey-reference.com/players/c/chronma01.html
Jakob Chychrun	https://www.hockey-reference.com/players/c/chychja01.html
Filip Chytil	https://www.hockey-reference.com/players/c/chytifi01.html
Anthony Cirelli	https://www.hockey-reference.com/players/c/cirelan01.html
Casey Cizikas	https://www.hockey-reference.com/players/c/cizikca01.html
Kale Clague	https://www.hockey-reference.com/players/c/claguka01.html
Brandt Clarke	https://www.hockey-reference.com/players/c/clarkbr02.html
Graeme Clarke	https://www.hockey-reference.com/players/c/clarkgr01.html
Connor Clifton	https://www.hockey-reference.com/players/c/cliftco01.html
Cal Clutterbuck	https://www.hockey-reference.com/players/c/cluttca01.html
Dylan Coghlan	https://www.hockey-reference.com/players/c/coghldy01.html
Andrew Cogliano	https://www.hockey-reference.com/players/c/coglian01.html
Sam Colangelo	https://www.hockey-reference.com/players/c/colansa01.html
Ian Cole	https://www.hockey-reference.com/players/c/coleia01.html
Blake Coleman	https://www.hockey-reference.com/players/c/colembl01.html
Ross Colton	https://www.hockey-reference.com/players/c/coltoro01.html
J.T. Compher	https://www.hockey-reference.com/players/c/comphj.01.html
Eric Comrie	https://www.hockey-reference.com/players/c/comrier01.html
Max Comtois	https://www.hockey-reference.com/players/c/comtoma01.html
Lucas Condotta	https://www.hockey-reference.com/players/c/condolu01.html
Kyle Connor	https://www.hockey-reference.com/players/c/connoky01.html
Devin Cooley	https://www.hockey-reference.com/players/c/coolede01.html
Logan Cooley	https://www.hockey-reference.com/players/c/coolelo01.html
Pheonix Copley	https://www.hockey-reference.com/players/c/copleph01.html
Andrew Copp	https://www.hockey-reference.com/players/c/coppan01.html
Lukas Cormier	https://www.hockey-reference.com/players/c/cormilu01.html
Matthew Coronato	https://www.hockey-reference.com/players/c/coronma01.html
Paul Cotter	https://www.hockey-reference.com/players/c/cottepa01.html
Nick Cousins	https://www.hockey-reference.com/players/c/cousini01.html
Logan Couture	https://www.hockey-reference.com/players/c/coutulo01.html
Sean Couturier	https://www.hockey-reference.com/players/c/coutuse01.html
Charlie Coyle	https://www.hockey-reference.com/players/c/coylech01.html
Dylan Cozens	https://www.hockey-reference.com/players/c/cozendy01.html
Louis Crevier	https://www.hockey-reference.com/players/c/crevilo01.html
Angus Crookshank	https://www.hockey-reference.com/players/c/crookan01.html
Sidney Crosby	https://www.hockey-reference.com/players/c/crosbsi01.html
Cameron Crotty	https://www.hockey-reference.com/players/c/crottca01.html
Lawson Crouse	https://www.hockey-reference.com/players/c/crousla01.html
Maxwell Crozier	https://www.hockey-reference.com/players/c/crozima01.html
William Cuylle	https://www.hockey-reference.com/players/c/cuyllwi01.html
Austin Czarnik	https://www.hockey-reference.com/players/c/czarnau01.html
Joey Daccord	https://www.hockey-reference.com/players/d/daccojo01.html
Kirby Dach	https://www.hockey-reference.com/players/d/dachki01.html
Evgenii Dadonov	https://www.hockey-reference.com/players/d/dadonev01.html
Rasmus Dahlin	https://www.hockey-reference.com/players/d/dahlira01.html
Phillip Danault	https://www.hockey-reference.com/players/d/danauph01.html
Justin Danforth	https://www.hockey-reference.com/players/d/danfoju01.html
Nico Daws	https://www.hockey-reference.com/players/d/dawsni01.html
Calvin de Haan	https://www.hockey-reference.com/players/d/dehaaca01.html
Zach Dean	https://www.hockey-reference.com/players/d/deanza01.html
Tony DeAngelo	https://www.hockey-reference.com/players/d/deangan01.html
Alex DeBrincat	https://www.hockey-reference.com/players/d/debrial01.html
Jake DeBrusk	https://www.hockey-reference.com/players/d/debruja01.html
Luca Del Bel Belluz	https://www.hockey-reference.com/players/d/delbelu01.html
Marc Del Gaizo	https://www.hockey-reference.com/players/d/delgama01.html
Ethan Del Mastro	https://www.hockey-reference.com/players/d/delmaet01.html
Ty Dellandrea	https://www.hockey-reference.com/players/d/dellaty01.html
Dylan DeMelo	https://www.hockey-reference.com/players/d/demeldy01.html
Thatcher Demko	https://www.hockey-reference.com/players/d/demkoth01.html
Grigori Denisenko	https://www.hockey-reference.com/players/d/denisgr01.html
Travis Dermott	https://www.hockey-reference.com/players/d/dermotr01.html
Vincent Desharnais	https://www.hockey-reference.com/players/d/deshavi01.html
Nick DeSimone	https://www.hockey-reference.com/players/d/desimni01.html
Nicolas Deslauriers	https://www.hockey-reference.com/players/d/deslani01.html
Casey DeSmith	https://www.hockey-reference.com/players/d/desmica01.html
Connor Dewar	https://www.hockey-reference.com/players/d/dewarco01.html
Phillip Di Giuseppe	https://www.hockey-reference.com/players/d/digiuph01.html
Jason Dickinson	https://www.hockey-reference.com/players/d/dickija01.html
Brenden Dillon	https://www.hockey-reference.com/players/d/dillobr01.html
Josh Doan	https://www.hockey-reference.com/players/d/doanjo01.html
Noah Dobson	https://www.hockey-reference.com/players/d/dobsono01.html
Max Domi	https://www.hockey-reference.com/players/d/domima01.html
Louis Domingue	https://www.hockey-reference.com/players/d/dominlo01.html
Ryan Donato	https://www.hockey-reference.com/players/d/donatry01.html
Pavel Dorofeyev	https://www.hockey-reference.com/players/d/dorofpa01.html
Lukáš Dostál	https://www.hockey-reference.com/players/d/dostalu01.html
Drew Doughty	https://www.hockey-reference.com/players/d/doughdr01.html
Nic Dowd	https://www.hockey-reference.com/players/d/dowdni01.html
Justin Dowling	https://www.hockey-reference.com/players/d/dowliju01.html
Leon Draisaitl	https://www.hockey-reference.com/players/d/draisle01.html
Chris Driedger	https://www.hockey-reference.com/players/d/driedch01.html
Jonathan Drouin	https://www.hockey-reference.com/players/d/drouijo01.html
Jack Drury	https://www.hockey-reference.com/players/d/druryja01.html
Jamie Drysdale	https://www.hockey-reference.com/players/d/drysdja01.html
Dillon Dubé	https://www.hockey-reference.com/players/d/dubedi01.html
Pierrick Dube	https://www.hockey-reference.com/players/d/dubepi01.html
Pierre-Luc Dubois	https://www.hockey-reference.com/players/d/duboipi01.html
Matt Duchene	https://www.hockey-reference.com/players/d/duchema01.html
Anthony Duclair	https://www.hockey-reference.com/players/d/duclaan01.html
Walker Duehr	https://www.hockey-reference.com/players/d/duehrwa01.html
Brandon Duhaime	https://www.hockey-reference.com/players/d/duhaibr01.html
Mathew Dumba	https://www.hockey-reference.com/players/d/dumbama01.html
Brian Dumoulin	https://www.hockey-reference.com/players/d/dumoubr01.html
Vince Dunn	https://www.hockey-reference.com/players/d/dunnvi02.html
Sean Durzi	https://www.hockey-reference.com/players/d/durzise01.html
Christian Dvorak	https://www.hockey-reference.com/players/d/dvorach01.html
Jordan Eberle	https://www.hockey-reference.com/players/e/eberljo01.html
Joel Edmundson	https://www.hockey-reference.com/players/e/edmunjo01.html
Adam Edstrom	https://www.hockey-reference.com/players/e/edstrad01.html
Simon Edvinsson	https://www.hockey-reference.com/players/e/edvinsi01.html
Nikolaj Ehlers	https://www.hockey-reference.com/players/e/ehlerni01.html
Jack Eichel	https://www.hockey-reference.com/players/e/eicheja01.html
Aaron Ekblad	https://www.hockey-reference.com/players/e/ekblaaa01.html
Mattias Ekholm	https://www.hockey-reference.com/players/e/ekholma01.html
William Eklund	https://www.hockey-reference.com/players/e/eklunwi01.html
Oliver Ekman-Larsson	https://www.hockey-reference.com/players/e/ekmanol01.html
Lars Eller	https://www.hockey-reference.com/players/e/ellerla01.html
Ty Emberson	https://www.hockey-reference.com/players/e/emberty01.html
Andreas Englund	https://www.hockey-reference.com/players/e/engluan01.html
Pierre Engvall	https://www.hockey-reference.com/players/e/engvapi01.html
MacKenzie Entwistle	https://www.hockey-reference.com/players/e/entwima01.html
Joel Eriksson Ek	https://www.hockey-reference.com/players/e/eriksjo02.html
Adam Erne	https://www.hockey-reference.com/players/e/ernead01.html
Samuel Ersson	https://www.hockey-reference.com/players/e/erssosa01.html
Luke Evangelista	https://www.hockey-reference.com/players/e/evanglu01.html
Jake Evans	https://www.hockey-reference.com/players/e/evansja02.html
Ryker Evans	https://www.hockey-reference.com/players/e/evansry01.html
Michael Eyssimont	https://www.hockey-reference.com/players/e/eyssimi01.html
Robby Fabbri	https://www.hockey-reference.com/players/f/fabbrro01.html
Dante Fabbro	https://www.hockey-reference.com/players/f/fabbrda01.html
Brock Faber	https://www.hockey-reference.com/players/f/faberbr01.html
Samuel Fagemo	https://www.hockey-reference.com/players/f/fagemsa01.html
Radek Faksa	https://www.hockey-reference.com/players/f/faksara01.html
Adam Fantilli	https://www.hockey-reference.com/players/f/fantiad01.html
Joel Farabee	https://www.hockey-reference.com/players/f/farabjo01.html
Hudson Fasching	https://www.hockey-reference.com/players/f/faschhu01.html
Jesper Fast	https://www.hockey-reference.com/players/f/fastje01.html
Justin Faulk	https://www.hockey-reference.com/players/f/faulkju01.html
Ivan Fedotov	https://www.hockey-reference.com/players/f/fedotiv01.html
Martin Fehérváry	https://www.hockey-reference.com/players/f/feherma01.html
Mario Ferraro	https://www.hockey-reference.com/players/f/ferrama01.html
Kevin Fiala	https://www.hockey-reference.com/players/f/fialake01.html
Christian Fischer	https://www.hockey-reference.com/players/f/fischch01.html
Trey Fix-Wolansky	https://www.hockey-reference.com/players/f/fixwotr01.html
Cale Fleury	https://www.hockey-reference.com/players/f/fleurca01.html
Haydn Fleury	https://www.hockey-reference.com/players/f/fleurha01.html
Marc-André Fleury	https://www.hockey-reference.com/players/f/fleurma01.html
Warren Foegele	https://www.hockey-reference.com/players/f/foegewa01.html
Tyson Foerster	https://www.hockey-reference.com/players/f/foersty01.html
Marcus Foligno	https://www.hockey-reference.com/players/f/foligma01.html
Nick Foligno	https://www.hockey-reference.com/players/f/foligni01.html
Callan Foote	https://www.hockey-reference.com/players/f/footeca01.html
Nolan Foote	https://www.hockey-reference.com/players/f/footeno01.html
Derek Forbort	https://www.hockey-reference.com/players/f/forbode01.html
Anton Forsberg	https://www.hockey-reference.com/players/f/forsban01.html
Filip Forsberg	https://www.hockey-reference.com/players/f/forsbfi01.html
Gustav Forsling	https://www.hockey-reference.com/players/f/forslgu02.html
Jean-Luc Foudy	https://www.hockey-reference.com/players/f/foudyje01.html
Liam Foudy	https://www.hockey-reference.com/players/f/foudyli01.html
Cam Fowler	https://www.hockey-reference.com/players/f/fowleca01.html
Adam Fox	https://www.hockey-reference.com/players/f/foxad01.html
Trent Frederic	https://www.hockey-reference.com/players/f/fredetr01.html
Mark Friedman	https://www.hockey-reference.com/players/f/friedma01.html
Byron Froese	https://www.hockey-reference.com/players/f/froesby01.html
Morgan Frost	https://www.hockey-reference.com/players/f/frostmo01.html
Jonah Gadjovich	https://www.hockey-reference.com/players/g/gadjojo01.html
Sam Gagner	https://www.hockey-reference.com/players/g/gagnesa01.html
Brendan Gallagher	https://www.hockey-reference.com/players/g/gallabr01.html
Rhett Gardner	https://www.hockey-reference.com/players/g/gardnrh01.html
Conor Garland	https://www.hockey-reference.com/players/g/garlaco01.html
Adam Gaudette	https://www.hockey-reference.com/players/g/gaudead01.html
Frédérick Gaudreau	https://www.hockey-reference.com/players/g/gaudrfr01.html
Johnny Gaudreau	https://www.hockey-reference.com/players/g/gaudrjo01.html
Brendan Gaunce	https://www.hockey-reference.com/players/g/gauncbr01.html
Cutter Gauthier	https://www.hockey-reference.com/players/g/gauthcu01.html
Julien Gauthier	https://www.hockey-reference.com/players/g/gauthju01.html
Vladislav Gavrikov	https://www.hockey-reference.com/players/g/gavrivl01.html
Glenn Gawdin	https://www.hockey-reference.com/players/g/gawdigl01.html
Morgan Geekie	https://www.hockey-reference.com/players/g/geekimo01.html
Alexandar Georgiev	https://www.hockey-reference.com/players/g/georgal01.html
John Gibson	https://www.hockey-reference.com/players/g/gibsojo02.html
Brandon Gignac	https://www.hockey-reference.com/players/g/gignabr01.html
Dennis Gilbert	https://www.hockey-reference.com/players/g/gilbede01.html
Adam Ginning	https://www.hockey-reference.com/players/g/ginniad01.html
Mark Giordano	https://www.hockey-reference.com/players/g/giordma01.html
Samuel Girard	https://www.hockey-reference.com/players/g/girarsa01.html
Zemgus Girgensons	https://www.hockey-reference.com/players/g/girgeze01.html
Claude Giroux	https://www.hockey-reference.com/players/g/giroucl01.html
Cody Glass	https://www.hockey-reference.com/players/g/glassco01.html
Luke Glendening	https://www.hockey-reference.com/players/g/glendlu01.html
Alex Goligoski	https://www.hockey-reference.com/players/g/goligal01.html
Gage Goncalves	https://www.hockey-reference.com/players/g/goncaga01.html
Barclay Goodrow	https://www.hockey-reference.com/players/g/goodrba01.html
Shayne Gostisbehere	https://www.hockey-reference.com/players/g/gostish01.html
Yanni Gourde	https://www.hockey-reference.com/players/g/gourdya01.html
Collin Graf	https://www.hockey-reference.com/players/g/grafco01.html
Mikael Granlund	https://www.hockey-reference.com/players/g/granlmi01.html
Ryan Graves	https://www.hockey-reference.com/players/g/gravery01.html
Jet Greaves	https://www.hockey-reference.com/players/g/greavje01.html
Jordan Greenway	https://www.hockey-reference.com/players/g/greenjo02.html
A.J. Greer	https://www.hockey-reference.com/players/g/greeraj01.html
Noah Gregor	https://www.hockey-reference.com/players/g/gregono01.html
Ridly Greig	https://www.hockey-reference.com/players/g/greigri01.html
Benoit-Olivier Groulx	https://www.hockey-reference.com/players/g/groulbe01.html
Philipp Grubauer	https://www.hockey-reference.com/players/g/grubaph01.html
Jonathan Gruden	https://www.hockey-reference.com/players/g/grudejo02.html
Carl Grundström	https://www.hockey-reference.com/players/g/grundca01.html
Matt Grzelcyk	https://www.hockey-reference.com/players/g/grzelma01.html
Radko Gudas	https://www.hockey-reference.com/players/g/gudasra01.html
Erik Gudbranson	https://www.hockey-reference.com/players/g/gudbrer01.html
Max Guenette	https://www.hockey-reference.com/players/g/guenema01.html
Dylan Guenther	https://www.hockey-reference.com/players/g/guentdy01.html
Jake Guentzel	https://www.hockey-reference.com/players/g/guentja01.html
Kaiden Guhle	https://www.hockey-reference.com/players/g/guhleka01.html
Denis Gurianov	https://www.hockey-reference.com/players/g/guriade01.html
Daniil Gushchin	https://www.hockey-reference.com/players/g/gushcda01.html
David Gustafsson	https://www.hockey-reference.com/players/g/gustada01.html
Erik Gustafsson	https://www.hockey-reference.com/players/g/gustaer02.html
Filip Gustavsson	https://www.hockey-reference.com/players/g/gustafi01.html
Cole Guttman	https://www.hockey-reference.com/players/g/guttmco01.html
Brandon Hagel	https://www.hockey-reference.com/players/h/hagelbr01.html
Robert Hägg	https://www.hockey-reference.com/players/h/haggro01.html
Nicolas Hague	https://www.hockey-reference.com/players/h/hagueni01.html
Jani Hakanpää	https://www.hockey-reference.com/players/h/hakanja01.html
Taylor Hall	https://www.hockey-reference.com/players/h/hallta02.html
Brian Halonen	https://www.hockey-reference.com/players/h/halonbr01.html
Hardy Haman Aktell	https://www.hockey-reference.com/players/h/hamanha01.html
James Hamblin	https://www.hockey-reference.com/players/h/hamblja01.html
Dougie Hamilton	https://www.hockey-reference.com/players/h/hamildo01.html
Travis Hamonic	https://www.hockey-reference.com/players/h/hamontr01.html
Noah Hanifin	https://www.hockey-reference.com/players/h/hanifno01.html
Joel Hanley	https://www.hockey-reference.com/players/h/hanlejo01.html
Jansen Harkins	https://www.hockey-reference.com/players/h/harkija01.html
Thomas Harley	https://www.hockey-reference.com/players/h/harleth01.html
Jordan Harris	https://www.hockey-reference.com/players/h/harrijo01.html
Carter Hart	https://www.hockey-reference.com/players/h/hartca01.html
Ryan Hartman	https://www.hockey-reference.com/players/h/hartmry01.html
Rafaël Harvey-Pinard	https://www.hockey-reference.com/players/h/harvera01.html
Santeri Hatakka	https://www.hockey-reference.com/players/h/hataksa01.html
Garnet Hathaway	https://www.hockey-reference.com/players/h/hathaga01.html
Erik Haula	https://www.hockey-reference.com/players/h/haulaer01.html
John Hayden	https://www.hockey-reference.com/players/h/haydejo01.html
Kevin Hayes	https://www.hockey-reference.com/players/h/hayeske01.html
Barrett Hayton	https://www.hockey-reference.com/players/h/haytoba01.html
Victor Hedman	https://www.hockey-reference.com/players/h/hedmavi01.html
Emil Heineman	https://www.hockey-reference.com/players/h/heineem01.html
Danton Heinen	https://www.hockey-reference.com/players/h/heineda01.html
Miro Heiskanen	https://www.hockey-reference.com/players/h/heiskmi01.html
Magnus Hellberg	https://www.hockey-reference.com/players/h/hellbma01.html
Connor Hellebuyck	https://www.hockey-reference.com/players/h/helleco01.html
Adam Henrique	https://www.hockey-reference.com/players/h/henriad01.html
Tomáš Hertl	https://www.hockey-reference.com/players/h/hertlto01.html
Matthew Highmore	https://www.hockey-reference.com/players/h/highmma01.html
Adin Hill	https://www.hockey-reference.com/players/h/hillad01.html
Vinnie Hinostroza	https://www.hockey-reference.com/players/h/hinosvi01.html
Roope Hintz	https://www.hockey-reference.com/players/h/hintzro01.html
Akito Hirose	https://www.hockey-reference.com/players/h/hirosak01.html
Nico Hischier	https://www.hockey-reference.com/players/h/hischni01.html
Joel Hofer	https://www.hockey-reference.com/players/h/hoferjo01.html
Mike Hoffman	https://www.hockey-reference.com/players/h/hoffmmi02.html
Nils Höglander	https://www.hockey-reference.com/players/h/hoglani01.html
Justin Holl	https://www.hockey-reference.com/players/h/hollju01.html
Dylan Holloway	https://www.hockey-reference.com/players/h/hollody01.html
Pontus Holmberg	https://www.hockey-reference.com/players/h/holmbpo01.html
Simon Holmström	https://www.hockey-reference.com/players/h/holmssi01.html
Alexander Holtz	https://www.hockey-reference.com/players/h/holtzal01.html
Bo Horvat	https://www.hockey-reference.com/players/h/horvabo01.html
Brett Howden	https://www.hockey-reference.com/players/h/howdebr01.html
Filip Hronek	https://www.hockey-reference.com/players/h/hronefi01.html
Jonathan Huberdeau	https://www.hockey-reference.com/players/h/huberjo01.html
Jack Hughes	https://www.hockey-reference.com/players/h/hugheja03.html
Luke Hughes	https://www.hockey-reference.com/players/h/hughelu01.html
Quinn Hughes	https://www.hockey-reference.com/players/h/hughequ01.html
Daemon Hunt	https://www.hockey-reference.com/players/h/huntda01.html
Dryden Hunt	https://www.hockey-reference.com/players/h/huntdr01.html
Ville Husso	https://www.hockey-reference.com/players/h/hussovi01.html
Michael Hutchinson	https://www.hockey-reference.com/players/h/hutchmi01.html
Lane Hutson	https://www.hockey-reference.com/players/h/hutsola01.html
Ben Hutton	https://www.hockey-reference.com/players/h/huttobe01.html
Grant Hutton	https://www.hockey-reference.com/players/h/huttogr01.html
Zach Hyman	https://www.hockey-reference.com/players/h/hymanza01.html
Alex Iafallo	https://www.hockey-reference.com/players/i/iafalal01.html
Bokondji Imama	https://www.hockey-reference.com/players/i/imamabo01.html
Connor Ingram	https://www.hockey-reference.com/players/i/ingraco01.html
Vincent Iorio	https://www.hockey-reference.com/players/i/ioriovi01.html
Ruslan Iskhakov	https://www.hockey-reference.com/players/i/iskharu01.html
Mark Jankowski	https://www.hockey-reference.com/players/j/jankoma01.html
Mattias Janmark	https://www.hockey-reference.com/players/j/janmama02.html
Calle Järnkrok	https://www.hockey-reference.com/players/j/jarnkca01.html
Tristan Jarry	https://www.hockey-reference.com/players/j/jarrytr01.html
Roby Jarventie	https://www.hockey-reference.com/players/j/jarvero01.html
Seth Jarvis	https://www.hockey-reference.com/players/j/jarvise01.html
Tanner Jeannot	https://www.hockey-reference.com/players/j/jeannta01.html
Jan Jeník	https://www.hockey-reference.com/players/j/jenikja01.html
Boone Jenner	https://www.hockey-reference.com/players/j/jennebo01.html
Nick Jensen	https://www.hockey-reference.com/players/j/jenseni02.html
David Jiříček	https://www.hockey-reference.com/players/j/jiricda01.html
Lucas Johansen	https://www.hockey-reference.com/players/j/johanlu01.html
Ryan Johansen	https://www.hockey-reference.com/players/j/johanry01.html
Jonas Johansson	https://www.hockey-reference.com/players/j/johanjo03.html
Marcus Johansson	https://www.hockey-reference.com/players/j/johanma03.html
Erik Johnson	https://www.hockey-reference.com/players/j/johnser01.html
Jack Johnson	https://www.hockey-reference.com/players/j/johnsja02.html
Kent Johnson	https://www.hockey-reference.com/players/j/johnske01.html
Reese Johnson	https://www.hockey-reference.com/players/j/johnsre01.html
Ryan Johnson	https://www.hockey-reference.com/players/j/johnsry03.html
Tyler Johnson	https://www.hockey-reference.com/players/j/johnsty01.html
Ross Johnston	https://www.hockey-reference.com/players/j/johnsro02.html
Wyatt Johnston	https://www.hockey-reference.com/players/j/johnswy01.html
Marc Johnstone	https://www.hockey-reference.com/players/j/johnsma04.html
Henri Jokiharju	https://www.hockey-reference.com/players/j/jokihhe01.html
Caleb Jones	https://www.hockey-reference.com/players/j/jonesca01.html
Martin Jones	https://www.hockey-reference.com/players/j/jonesma02.html
Max Jones	https://www.hockey-reference.com/players/j/jonesma03.html
Seth Jones	https://www.hockey-reference.com/players/j/jonesse01.html
Zachary Jones	https://www.hockey-reference.com/players/j/jonesza01.html
Axel Jonsson-Fjällby	https://www.hockey-reference.com/players/j/jonssax01.html
Mathieu Joseph	https://www.hockey-reference.com/players/j/josepma01.html
Pierre-Olivier Joseph	https://www.hockey-reference.com/players/j/joseppi01.html
Dakota Joshua	https://www.hockey-reference.com/players/j/joshuda01.html
Roman Josi	https://www.hockey-reference.com/players/j/josiro01.html
Tyson Jost	https://www.hockey-reference.com/players/j/jostty01.html
Noah Juulsen	https://www.hockey-reference.com/players/j/juulsno01.html
Nazem Kadri	https://www.hockey-reference.com/players/k/kadrina01.html
Kaapo Kähkönen	https://www.hockey-reference.com/players/k/kahkoka01.html
Wyatt Kaiser	https://www.hockey-reference.com/players/k/kaisewy01.html
Kaapo Kakko	https://www.hockey-reference.com/players/k/kakkoka01.html
Arthur Kaliyev	https://www.hockey-reference.com/players/k/kaliyar01.html
David Kämpf	https://www.hockey-reference.com/players/k/kampfda01.html
Evander Kane	https://www.hockey-reference.com/players/k/kaneev01.html
Patrick Kane	https://www.hockey-reference.com/players/k/kanepa01.html
Kasperi Kapanen	https://www.hockey-reference.com/players/k/kapanka01.html
Kirill Kaprizov	https://www.hockey-reference.com/players/k/kapriki01.html
Erik Karlsson	https://www.hockey-reference.com/players/k/karlser01.html
Linus Karlsson	https://www.hockey-reference.com/players/k/karlsli01.html
William Karlsson	https://www.hockey-reference.com/players/k/karlswi01.html
Tye Kartye	https://www.hockey-reference.com/players/k/kartyty01.html
Mark Kastelic	https://www.hockey-reference.com/players/k/kastema01.html
Boris Katchouk	https://www.hockey-reference.com/players/k/katchbo01.html
Miloš Kelemen	https://www.hockey-reference.com/players/k/kelemmi01.html
Clayton Keller	https://www.hockey-reference.com/players/k/kellecl01.html
Parker Kelly	https://www.hockey-reference.com/players/k/kellypa01.html
Philip Kemp	https://www.hockey-reference.com/players/k/kempph01.html
Adrian Kempe	https://www.hockey-reference.com/players/k/kempead01.html
Alexander Kerfoot	https://www.hockey-reference.com/players/k/kerfoal01.html
Matthew Kessel	https://www.hockey-reference.com/players/k/kessema01.html
Michael Kesselring	https://www.hockey-reference.com/players/k/kessemi01.html
Jujhar Khaira	https://www.hockey-reference.com/players/k/khairju01.html
Marat Khusnutdinov	https://www.hockey-reference.com/players/k/khusnma01.html
Alex Killorn	https://www.hockey-reference.com/players/k/killoal01.html
Justin Kirkland	https://www.hockey-reference.com/players/k/kirklju01.html
Joel Kiviranta	https://www.hockey-reference.com/players/k/kivirjo01.html
Adam Klapka	https://www.hockey-reference.com/players/k/klapkad01.html
Tyler Kleven	https://www.hockey-reference.com/players/k/klevety01.html
John Klingberg	https://www.hockey-reference.com/players/k/klingjo01.html
Matthew Knies	https://www.hockey-reference.com/players/k/kniesma01.html
Nikolai Knyzhov	https://www.hockey-reference.com/players/k/knyzhni01.html
Patrik Koch	https://www.hockey-reference.com/players/k/kochpa01.html
Pyotr Kochetkov	https://www.hockey-reference.com/players/k/kochepy01.html
Cole Koepke	https://www.hockey-reference.com/players/k/koepkco01.html
Keegan Kolesar	https://www.hockey-reference.com/players/k/koleske01.html
Vladislav Kolyachonok	https://www.hockey-reference.com/players/k/kolyavl01.html
Travis Konecny	https://www.hockey-reference.com/players/k/konectr01.html
Anže Kopitar	https://www.hockey-reference.com/players/k/kopitan01.html
Joona Koppanen	https://www.hockey-reference.com/players/k/koppajo01.html
Kevin Korchinski	https://www.hockey-reference.com/players/k/korchke01.html
Kaedan Korczak	https://www.hockey-reference.com/players/k/korczka01.html
Joonas Korpisalo	https://www.hockey-reference.com/players/k/korpijo01.html
Klim Kostin	https://www.hockey-reference.com/players/k/kostikl01.html
Jesperi Kotkaniemi	https://www.hockey-reference.com/players/k/kotkaje01.html
Johnathan Kovacevic	https://www.hockey-reference.com/players/k/kovacjo01.html
Peyton Krebs	https://www.hockey-reference.com/players/k/krebspe01.html
Chris Kreider	https://www.hockey-reference.com/players/k/kreidch01.html
Torey Krug	https://www.hockey-reference.com/players/k/krugto01.html
Dominik Kubalík	https://www.hockey-reference.com/players/k/kubaldo01.html
Nikita Kucherov	https://www.hockey-reference.com/players/k/kucheni01.html
Darcy Kuemper	https://www.hockey-reference.com/players/k/kuempda01.html
Brett Kulak	https://www.hockey-reference.com/players/k/kulakbr01.html
Jiri Kulich	https://www.hockey-reference.com/players/k/kulicji01.html
Dmitry Kulikov	https://www.hockey-reference.com/players/k/kulikdm01.html
Luke Kunin	https://www.hockey-reference.com/players/k/kuninlu01.html
Rasmus Kupari	https://www.hockey-reference.com/players/k/kuparra01.html
Sean Kuraly	https://www.hockey-reference.com/players/k/kuralse01.html
Philipp Kurashev	https://www.hockey-reference.com/players/k/kurasph01.html
Andrei Kuzmenko	https://www.hockey-reference.com/players/k/kuzmean01.html
Evgeny Kuznetsov	https://www.hockey-reference.com/players/k/kuzneev01.html
Yan Kuznetsov	https://www.hockey-reference.com/players/k/kuzneya01.html
Oliver Kylington	https://www.hockey-reference.com/players/k/kylinol01.html
Jordan Kyrou	https://www.hockey-reference.com/players/k/kyroujo01.html
Kevin Labanc	https://www.hockey-reference.com/players/l/labanke01.html
Samuel Laberge	https://www.hockey-reference.com/players/l/labersa01.html
Jackson LaCombe	https://www.hockey-reference.com/players/l/lacomja01.html
Alex Laferriere	https://www.hockey-reference.com/players/l/laferal01.html
Sam Lafferty	https://www.hockey-reference.com/players/l/laffesa01.html
Alexis Lafrenière	https://www.hockey-reference.com/players/l/lafreal01.html
William Lagesson	https://www.hockey-reference.com/players/l/lageswi01.html
Patrik Laine	https://www.hockey-reference.com/players/l/lainepa01.html
Maxime Lajoie	https://www.hockey-reference.com/players/l/lajoima01.html
Brad Lambert	https://www.hockey-reference.com/players/l/lambebr01.html
Kevin Lankinen	https://www.hockey-reference.com/players/l/lankike01.html
Hendrix Lapierre	https://www.hockey-reference.com/players/l/lapiehe01.html
Dylan Larkin	https://www.hockey-reference.com/players/l/larkidy01.html
Adam Larsson	https://www.hockey-reference.com/players/l/larssad01.html
Scott Laughton	https://www.hockey-reference.com/players/l/laughsc01.html
Jakub Lauko	https://www.hockey-reference.com/players/l/laukoja01.html
Jeremy Lauzon	https://www.hockey-reference.com/players/l/lauzoje01.html
Raphael Lavoie	https://www.hockey-reference.com/players/l/lavoira01.html
Curtis Lazar	https://www.hockey-reference.com/players/l/lazarcu01.html
Brett Leason	https://www.hockey-reference.com/players/l/leasobr01.html
Nick Leddy	https://www.hockey-reference.com/players/l/leddyni01.html
Anders Lee	https://www.hockey-reference.com/players/l/leean01.html
Artturi Lehkonen	https://www.hockey-reference.com/players/l/lehkoar01.html
Brendan Lemieux	https://www.hockey-reference.com/players/l/lemiebr01.html
John Leonard	https://www.hockey-reference.com/players/l/leonajo01.html
Jake Leschyshyn	https://www.hockey-reference.com/players/l/leschja01.html
Kris Letang	https://www.hockey-reference.com/players/l/letankr01.html
Vinni Lettieri	https://www.hockey-reference.com/players/l/lettivi01.html
Devon Levi	https://www.hockey-reference.com/players/l/levide01.html
Trevor Lewis	https://www.hockey-reference.com/players/l/lewistr01.html
Timothy Liljegren	https://www.hockey-reference.com/players/l/liljeti01.html
Kole Lind	https://www.hockey-reference.com/players/l/lindko01.html
Oskar Lindblom	https://www.hockey-reference.com/players/l/lindbos01.html
Esa Lindell	https://www.hockey-reference.com/players/l/lindees01.html
Charlie Lindgren	https://www.hockey-reference.com/players/l/lindgch01.html
Ryan Lindgren	https://www.hockey-reference.com/players/l/lindgry01.html
Elias Lindholm	https://www.hockey-reference.com/players/l/lindhel01.html
Hampus Lindholm	https://www.hockey-reference.com/players/l/lindhha01.html
Gustav Lindström	https://www.hockey-reference.com/players/l/lindsgu01.html
Blake Lizotte	https://www.hockey-reference.com/players/l/lizotbl01.html
William Lockwood	https://www.hockey-reference.com/players/l/lockwwi01.html
Mason Lohrei	https://www.hockey-reference.com/players/l/lohrema01.html
Ryan Lomberg	https://www.hockey-reference.com/players/l/lombery01.html
Steven Lorentz	https://www.hockey-reference.com/players/l/lorenst01.html
Adam Lowry	https://www.hockey-reference.com/players/l/lowryad01.html
Jake Lucchini	https://www.hockey-reference.com/players/l/lucchja01.html
Milan Lucic	https://www.hockey-reference.com/players/l/lucicmi01.html
John Ludvig	https://www.hockey-reference.com/players/l/ludvijo01.html
Anton Lundell	https://www.hockey-reference.com/players/l/lundean01.html
Isac Lundeström	https://www.hockey-reference.com/players/l/lundeis01.html
Nils Lundkvist	https://www.hockey-reference.com/players/l/lundkni01.html
Tristan Luneau	https://www.hockey-reference.com/players/l/luneatr01.html
Eetu Luostarinen	https://www.hockey-reference.com/players/l/luostee01.html
Ukko-Pekka Luukkonen	https://www.hockey-reference.com/players/l/luukkuk01.html
Olle Lycksell	https://www.hockey-reference.com/players/l/lycksol01.html
Alex Lyon	https://www.hockey-reference.com/players/l/lyonal01.html
Ilya Lyubushkin	https://www.hockey-reference.com/players/l/lyubuil01.html
Olli Määttä	https://www.hockey-reference.com/players/m/maattol01.html
Matias Maccelli	https://www.hockey-reference.com/players/m/maccema01.html
Kurtis MacDermid	https://www.hockey-reference.com/players/m/macdeku01.html
Jacob MacDonald	https://www.hockey-reference.com/players/m/macdoja02.html
Mackenzie MacEachern	https://www.hockey-reference.com/players/m/maceama01.html
Zack MacEwen	https://www.hockey-reference.com/players/m/macewza01.html
Connor Mackey	https://www.hockey-reference.com/players/m/mackeco01.html
Nathan MacKinnon	https://www.hockey-reference.com/players/m/mackina01.html
Kyle MacLean	https://www.hockey-reference.com/players/m/macleky01.html
Josh Mahura	https://www.hockey-reference.com/players/m/mahurjo01.html
Logan Mailloux	https://www.hockey-reference.com/players/m/mailllo01.html
Cale Makar	https://www.hockey-reference.com/players/m/makarca01.html
James Malatesta	https://www.hockey-reference.com/players/m/malatja01.html
Beck Malenstyn	https://www.hockey-reference.com/players/m/malenbe01.html
Sam Malinski	https://www.hockey-reference.com/players/m/malinsa01.html
Evgeni Malkin	https://www.hockey-reference.com/players/m/malkiev01.html
Andrew Mangiapane	https://www.hockey-reference.com/players/m/mangian01.html
Josh Manson	https://www.hockey-reference.com/players/m/mansojo01.html
Anthony Mantha	https://www.hockey-reference.com/players/m/manthan01.html
Brad Marchand	https://www.hockey-reference.com/players/m/marchbr03.html
Kirill Marchenko	https://www.hockey-reference.com/players/m/marchki01.html
Jonathan Marchessault	https://www.hockey-reference.com/players/a/audymjo01.html
Mason Marchment	https://www.hockey-reference.com/players/m/marchma01.html
John Marino	https://www.hockey-reference.com/players/m/marinjo01.html
Jacob Markström	https://www.hockey-reference.com/players/m/marksja02.html
Mitch Marner	https://www.hockey-reference.com/players/m/marnemi01.html
Pat Maroon	https://www.hockey-reference.com/players/m/maroopa01.html
Matt Martin	https://www.hockey-reference.com/players/m/martima02.html
Spencer Martin	https://www.hockey-reference.com/players/m/martisp01.html
Alec Martinez	https://www.hockey-reference.com/players/m/martial01.html
Jordan Martinook	https://www.hockey-reference.com/players/m/martijo01.html
Emil Martinsen Lilleberg	https://www.hockey-reference.com/players/m/martiem01.html
Mike Matheson	https://www.hockey-reference.com/players/m/mathemi01.html
Nikolas Matinpalo	https://www.hockey-reference.com/players/m/matinni01.html
Auston Matthews	https://www.hockey-reference.com/players/m/matthau01.html
Scott Mayfield	https://www.hockey-reference.com/players/m/mayfisc01.html
Charlie McAvoy	https://www.hockey-reference.com/players/m/mcavoch01.html
Jack McBain	https://www.hockey-reference.com/players/m/mcbaija03.html
Jake McCabe	https://www.hockey-reference.com/players/m/mccabja01.html
Jared McCann	https://www.hockey-reference.com/players/m/mccanja01.html
Michael McCarron	https://www.hockey-reference.com/players/m/mccarmi01.html
Max McCormick	https://www.hockey-reference.com/players/m/mccorma01.html
Connor McDavid	https://www.hockey-reference.com/players/m/mcdavco01.html
Ryan McDonagh	https://www.hockey-reference.com/players/m/mcdonry01.html
Hugh McGing	https://www.hockey-reference.com/players/m/mcginhu01.html
Brock McGinn	https://www.hockey-reference.com/players/m/mcginbr01.html
Dylan McIlrath	https://www.hockey-reference.com/players/m/mcilrdy01.html
Marc McLaughlin	https://www.hockey-reference.com/players/m/mclauma01.html
Michael McLeod	https://www.hockey-reference.com/players/m/mcleomi01.html
Ryan McLeod	https://www.hockey-reference.com/players/m/mcleory01.html
Bobby McMann	https://www.hockey-reference.com/players/m/mcmanbo02.html
Connor McMichael	https://www.hockey-reference.com/players/m/mcmicco01.html
Brayden McNabb	https://www.hockey-reference.com/players/m/mcnabbr01.html
Mason McTavish	https://www.hockey-reference.com/players/m/mctavma01.html
Cole McWard	https://www.hockey-reference.com/players/m/mcwarco01.html
Jaycob Megna	https://www.hockey-reference.com/players/m/megnaja02.html
Jayson Megna	https://www.hockey-reference.com/players/m/megnaja01.html
Timo Meier	https://www.hockey-reference.com/players/m/meierti01.html
Dawson Mercer	https://www.hockey-reference.com/players/m/merceda01.html
Waltteri Merela	https://www.hockey-reference.com/players/m/merelwa01.html
Georgii Merkulov	https://www.hockey-reference.com/players/m/merkuge01.html
Dakota Mermis	https://www.hockey-reference.com/players/m/mermida01.html
Jonathon Merrill	https://www.hockey-reference.com/players/m/merrijo01.html
Elvis Merzļikins	https://www.hockey-reference.com/players/m/merzlel01.html
Victor Mete	https://www.hockey-reference.com/players/m/metevi01.html
Carson Meyer	https://www.hockey-reference.com/players/m/meyerca01.html
Ben Meyers	https://www.hockey-reference.com/players/m/meyerbe01.html
Jacob Middleton	https://www.hockey-reference.com/players/m/middlja01.html
Ilya Mikheyev	https://www.hockey-reference.com/players/m/mikheil01.html
Niko Mikkola	https://www.hockey-reference.com/players/m/mikkoni01.html
Sonny Milano	https://www.hockey-reference.com/players/m/milanso01.html
Colin Miller	https://www.hockey-reference.com/players/m/milleco02.html
J.T. Miller	https://www.hockey-reference.com/players/m/millejt01.html
K'Andre Miller	https://www.hockey-reference.com/players/m/milleka01.html
Fraser Minten	https://www.hockey-reference.com/players/m/mintefr01.html
Pavel Mintyukov	https://www.hockey-reference.com/players/m/mintypa01.html
Daniil Miromanov	https://www.hockey-reference.com/players/m/miromda01.html
Ivan Miroshnichenko	https://www.hockey-reference.com/players/m/mirosiv01.html
Ian Mitchell	https://www.hockey-reference.com/players/m/mitchia01.html
Casey Mittelstadt	https://www.hockey-reference.com/players/m/mitteca01.html
Sean Monahan	https://www.hockey-reference.com/players/m/monahse01.html
Sam Montembeault	https://www.hockey-reference.com/players/m/montesa01.html
Brandon Montour	https://www.hockey-reference.com/players/m/montobr01.html
Trevor Moore	https://www.hockey-reference.com/players/m/mooretr01.html
Mason Morelli	https://www.hockey-reference.com/players/m/morelma01.html
Logan Morrison	https://www.hockey-reference.com/players/m/morrilo01.html
Josh Morrissey	https://www.hockey-reference.com/players/m/morrijo04.html
Scott Morrow	https://www.hockey-reference.com/players/m/morrosc02.html
J.J. Moser	https://www.hockey-reference.com/players/m/moserja01.html
Tyler Motte	https://www.hockey-reference.com/players/m/mottety01.html
Jacob Moverare	https://www.hockey-reference.com/players/m/moverja01.html
Petr Mrázek	https://www.hockey-reference.com/players/m/mrazepe01.html
Shakir Mukhamadullin	https://www.hockey-reference.com/players/m/mukhash01.html
Connor Murphy	https://www.hockey-reference.com/players/m/murphco02.html
Brett Murray	https://www.hockey-reference.com/players/m/murrabr02.html
Matt Murray	https://www.hockey-reference.com/players/m/murrama03.html
Philippe Myers	https://www.hockey-reference.com/players/m/myersph01.html
Tyler Myers	https://www.hockey-reference.com/players/m/myersty01.html
Bradly Nadeau	https://www.hockey-reference.com/players/n/nadeabr01.html
Vladislav Namestnikov	https://www.hockey-reference.com/players/n/namesvl01.html
Riley Nash	https://www.hockey-reference.com/players/n/nashri02.html
Frank Nazar	https://www.hockey-reference.com/players/n/nazarfr01.html
Martin Nečas	https://www.hockey-reference.com/players/n/necasma01.html
Alex Nedeljkovic	https://www.hockey-reference.com/players/n/nedelal01.html
Jake Neighbours	https://www.hockey-reference.com/players/n/neighja01.html
Brock Nelson	https://www.hockey-reference.com/players/n/nelsobr01.html
Simon Nemec	https://www.hockey-reference.com/players/n/nemecsi01.html
Nikita Nesterenko	https://www.hockey-reference.com/players/n/nesteni02.html
Alex Newhook	https://www.hockey-reference.com/players/n/newhoal01.html
Valeri Nichushkin	https://www.hockey-reference.com/players/n/nichuva01.html
Nino Niederreiter	https://www.hockey-reference.com/players/n/niedeni01.html
Matthew Nieto	https://www.hockey-reference.com/players/n/nietoma01.html
Stefan Noesen	https://www.hockey-reference.com/players/n/noesest01.html
Joshua Norris	https://www.hockey-reference.com/players/n/norrijo01.html
Tomáš Nosek	https://www.hockey-reference.com/players/n/nosekto01.html
Thomas Novak	https://www.hockey-reference.com/players/n/novakth01.html
Ryan Nugent-Hopkins	https://www.hockey-reference.com/players/n/nugenry01.html
Darnell Nurse	https://www.hockey-reference.com/players/n/nurseda01.html
Alexander Nylander	https://www.hockey-reference.com/players/n/nylanal01.html
William Nylander	https://www.hockey-reference.com/players/n/nylanwi01.html
Gustav Nyquist	https://www.hockey-reference.com/players/n/nyquigu01.html
Liam O'Brien	https://www.hockey-reference.com/players/o/obrieli01.html
Drew O'Connor	https://www.hockey-reference.com/players/o/oconndr01.html
Logan O'Connor	https://www.hockey-reference.com/players/o/oconnlo01.html
Ryan O'Reilly	https://www.hockey-reference.com/players/o/oreilry01.html
Jordan Oesterle	https://www.hockey-reference.com/players/o/oestejo01.html
Jake Oettinger	https://www.hockey-reference.com/players/o/oettija01.html
Liam Ohgren	https://www.hockey-reference.com/players/o/ohgreli01.html
Nikita Okhotyuk	https://www.hockey-reference.com/players/o/okhotni01.html
Kyle Okposo	https://www.hockey-reference.com/players/o/okposky01.html
Oskar Olausson	https://www.hockey-reference.com/players/o/olausos01.html
Jamie Oleksiak	https://www.hockey-reference.com/players/o/oleksja01.html
Mathieu Olivier	https://www.hockey-reference.com/players/o/olivima01.html
Fredrik Olofsson	https://www.hockey-reference.com/players/o/olofsfr01.html
Gustav Olofsson	https://www.hockey-reference.com/players/o/olofsgu01.html
Victor Olofsson	https://www.hockey-reference.com/players/o/olofsvi01.html
Dmitry Orlov	https://www.hockey-reference.com/players/o/orlovdm01.html
T.J. Oshie	https://www.hockey-reference.com/players/o/oshietj01.html
Zack Ostapchuk	https://www.hockey-reference.com/players/o/ostapza01.html
Brennan Othmann	https://www.hockey-reference.com/players/o/othmabr01.html
Alex Ovechkin	https://www.hockey-reference.com/players/o/ovechal01.html
Brayden Pachal	https://www.hockey-reference.com/players/p/pachabr01.html
Max Pacioretty	https://www.hockey-reference.com/players/p/pacioma01.html
Jean-Gabriel Pageau	https://www.hockey-reference.com/players/p/pageaje01.html
Ondřej Palát	https://www.hockey-reference.com/players/p/palaton01.html
Kyle Palmieri	https://www.hockey-reference.com/players/p/palmiky01.html
Artemi Panarin	https://www.hockey-reference.com/players/p/panarar01.html
Colton Parayko	https://www.hockey-reference.com/players/p/parayco01.html
Zach Parise	https://www.hockey-reference.com/players/p/parisza01.html
Juuso Pärssinen	https://www.hockey-reference.com/players/p/parssju01.html
David Pastrňák	https://www.hockey-reference.com/players/p/pastrda01.html
Jiří Patera	https://www.hockey-reference.com/players/p/paterji01.html
Nick Paul	https://www.hockey-reference.com/players/p/paulni01.html
Ondrej Pavel	https://www.hockey-reference.com/players/p/pavelon02.html
Joe Pavelski	https://www.hockey-reference.com/players/p/paveljo01.html
Tanner Pearson	https://www.hockey-reference.com/players/p/pearsta01.html
Andrew Peeke	https://www.hockey-reference.com/players/p/peekean01.html
Adam Pelech	https://www.hockey-reference.com/players/p/pelecad01.html
Jakob Pelletier	https://www.hockey-reference.com/players/p/pelleja01.html
Nicklaus Perbix	https://www.hockey-reference.com/players/p/perbini01.html
Yaniv Perets	https://www.hockey-reference.com/players/p/peretya01.html
Cole Perfetti	https://www.hockey-reference.com/players/p/perfeco01.html
David Perron	https://www.hockey-reference.com/players/p/perroda01.html
Corey Perry	https://www.hockey-reference.com/players/p/perryco01.html
Scott Perunovich	https://www.hockey-reference.com/players/p/perunsc01.html
Brett Pesce	https://www.hockey-reference.com/players/p/pescebr01.html
Nic Petan	https://www.hockey-reference.com/players/p/petanni01.html
John-Jason Peterka	https://www.hockey-reference.com/players/p/peterjo01.html
Calvin Petersen	https://www.hockey-reference.com/players/p/peterca01.html
Jacob Peterson	https://www.hockey-reference.com/players/p/peterja01.html
Alexander Petrovic	https://www.hockey-reference.com/players/p/petroal01.html
Jeff Petry	https://www.hockey-reference.com/players/p/petryje01.html
Elias Pettersson	https://www.hockey-reference.com/players/p/petteel01.html
Marcus Pettersson	https://www.hockey-reference.com/players/p/pettema01.html
Michael Pezzetta	https://www.hockey-reference.com/players/p/pezzemi01.html
Isaak Phillips	https://www.hockey-reference.com/players/p/phillis01.html
Matthew Phillips	https://www.hockey-reference.com/players/p/phillma01.html
Calvin Pickard	https://www.hockey-reference.com/players/p/pickaca01.html
Alex Pietrangelo	https://www.hockey-reference.com/players/p/pietral01.html
Shane Pinto	https://www.hockey-reference.com/players/p/pintosh01.html
Neal Pionk	https://www.hockey-reference.com/players/p/pionkne01.html
Rem Pitlick	https://www.hockey-reference.com/players/p/pitlire01.html
Tyler Pitlick	https://www.hockey-reference.com/players/p/pitlity01.html
Vasily Podkolzin	https://www.hockey-reference.com/players/p/podkova01.html
Ryan Poehling	https://www.hockey-reference.com/players/p/poehlry01.html
Brayden Point	https://www.hockey-reference.com/players/p/pointbr01.html
Matthew Poitras	https://www.hockey-reference.com/players/p/poitrma01.html
Jason Polin	https://www.hockey-reference.com/players/p/polinja01.html
Vasiliy Ponomarev	https://www.hockey-reference.com/players/p/ponomva01.html
Martin Pospisil	https://www.hockey-reference.com/players/p/pospima01.html
Andrew Poturalski	https://www.hockey-reference.com/players/p/poturan01.html
Samuel Poulin	https://www.hockey-reference.com/players/p/poulisa01.html
Derrick Pouliot	https://www.hockey-reference.com/players/p/poulide01.html
Owen Power	https://www.hockey-reference.com/players/p/powerow01.html
Cayden Primeau	https://www.hockey-reference.com/players/p/primeca01.html
Ivan Prosvetov	https://www.hockey-reference.com/players/p/prosviv01.html
Aliaksei Protas	https://www.hockey-reference.com/players/p/protaal01.html
Ivan Provorov	https://www.hockey-reference.com/players/p/provoiv01.html
Jesse Puljujärvi	https://www.hockey-reference.com/players/p/puljuje01.html
Ryan Pulock	https://www.hockey-reference.com/players/p/pulocry01.html
Valtteri Puustinen	https://www.hockey-reference.com/players/p/puustva01.html
Mikael Pyyhtia	https://www.hockey-reference.com/players/p/pyyhtmi01.html
Jonathan Quick	https://www.hockey-reference.com/players/q/quickjo01.html
Jack Quinn	https://www.hockey-reference.com/players/q/quinnja01.html
Antti Raanta	https://www.hockey-reference.com/players/r/raantan01.html
Darren Raddysh	https://www.hockey-reference.com/players/r/raddyda01.html
Taylor Raddysh	https://www.hockey-reference.com/players/r/raddyta01.html
Rickard Rakell	https://www.hockey-reference.com/players/r/rakelri01.html
Mikko Rantanen	https://www.hockey-reference.com/players/r/rantami01.html
Adam Raška	https://www.hockey-reference.com/players/r/raskaad01.html
Michael Rasmussen	https://www.hockey-reference.com/players/r/rasmumi01.html
Aku Raty	https://www.hockey-reference.com/players/r/ratyak01.html
Lucas Raymond	https://www.hockey-reference.com/players/r/raymolu01.html
Ryan Reaves	https://www.hockey-reference.com/players/r/reavery01.html
Pavol Regenda	https://www.hockey-reference.com/players/r/regenpa01.html
Lukas Reichel	https://www.hockey-reference.com/players/r/reichlu01.html
Mike Reilly	https://www.hockey-reference.com/players/r/reillmi01.html
James Reimer	https://www.hockey-reference.com/players/r/reimeja01.html
Sam Reinhart	https://www.hockey-reference.com/players/r/reinhsa01.html
Sheldon Rempal	https://www.hockey-reference.com/players/r/rempash01.html
Matt Rempe	https://www.hockey-reference.com/players/r/rempema01.html
Anthony Richard	https://www.hockey-reference.com/players/r/richaan01.html
Morgan Rielly	https://www.hockey-reference.com/players/r/riellmo01.html
Marshall Rifai	https://www.hockey-reference.com/players/r/rifaima01.html
Rasmus Ristolainen	https://www.hockey-reference.com/players/r/ristora01.html
David Rittich	https://www.hockey-reference.com/players/r/rittida01.html
Jason Robertson	https://www.hockey-reference.com/players/r/roberja01.html
Nicholas Robertson	https://www.hockey-reference.com/players/r/roberni01.html
Eric Robinson	https://www.hockey-reference.com/players/r/robiner01.html
Evan Rodrigues	https://www.hockey-reference.com/players/r/rodriev01.html
Alexander Romanov	https://www.hockey-reference.com/players/r/romanal01.html
Georgi Romanov	https://www.hockey-reference.com/players/r/romange01.html
Kevin Rooney	https://www.hockey-reference.com/players/r/rooneke01.html
Filip Roos	https://www.hockey-reference.com/players/r/roosfi01.html
Calle Rosén	https://www.hockey-reference.com/players/r/rosenca01.html
Isak Rosen	https://www.hockey-reference.com/players/r/rosenis01.html
Jack Roslovic	https://www.hockey-reference.com/players/r/rosloja01.html
Marco Rossi	https://www.hockey-reference.com/players/r/rossima01.html
Lukáš Rousek	https://www.hockey-reference.com/players/r/rouselu01.html
Joshua Roy	https://www.hockey-reference.com/players/r/royjo01.html
Matt Roy	https://www.hockey-reference.com/players/r/royma04.html
Nicolas Roy	https://www.hockey-reference.com/players/r/royni01.html
Chad Ruhwedel	https://www.hockey-reference.com/players/r/ruhwech01.html
Bryan Rust	https://www.hockey-reference.com/players/r/rustbr01.html
Jan Rutta	https://www.hockey-reference.com/players/r/ruttaja02.html
Adam Ružička	https://www.hockey-reference.com/players/r/ruzicad01.html
Derek Ryan	https://www.hockey-reference.com/players/r/ryande01.html
Jonas Røndbjerg	https://www.hockey-reference.com/players/r/rondbjo01.html
Brandon Saad	https://www.hockey-reference.com/players/s/saadbr01.html
Scott Sabourin	https://www.hockey-reference.com/players/s/sabousc01.html
Dylan Samberg	https://www.hockey-reference.com/players/s/sambedy01.html
Mackie Samoskevich	https://www.hockey-reference.com/players/s/samosma01.html
Ilya Samsonov	https://www.hockey-reference.com/players/s/samsoil01.html
Mattias Samuelsson	https://www.hockey-reference.com/players/s/samuema02.html
Jake Sanderson	https://www.hockey-reference.com/players/s/sandeja01.html
Rasmus Sandin	https://www.hockey-reference.com/players/s/sandira01.html
Felix Sandström	https://www.hockey-reference.com/players/s/sandsfe01.html
Zach Sanford	https://www.hockey-reference.com/players/s/sanfoza01.html
Travis Sanheim	https://www.hockey-reference.com/players/s/sanhetr01.html
Juuse Saros	https://www.hockey-reference.com/players/s/sarosju01.html
David Savard	https://www.hockey-reference.com/players/s/savarda01.html
Matthew Savoie	https://www.hockey-reference.com/players/s/savoima01.html
Marco Scandella	https://www.hockey-reference.com/players/s/scandma01.html
Brandon Scanlin	https://www.hockey-reference.com/players/s/scanlbr01.html
Mark Scheifele	https://www.hockey-reference.com/players/s/scheima01.html
Brayden Schenn	https://www.hockey-reference.com/players/s/schenbr01.html
Luke Schenn	https://www.hockey-reference.com/players/s/schenlu01.html
Nick Schmaltz	https://www.hockey-reference.com/players/s/schmani01.html
Akira Schmid	https://www.hockey-reference.com/players/s/schmiak01.html
Nate Schmidt	https://www.hockey-reference.com/players/s/schmina01.html
Braden Schneider	https://www.hockey-reference.com/players/s/schnebr01.html
Justin Schultz	https://www.hockey-reference.com/players/s/schulju01.html
Jaden Schwartz	https://www.hockey-reference.com/players/s/schwaja01.html
Cole Schwindt	https://www.hockey-reference.com/players/s/schwico01.html
Nick Seeler	https://www.hockey-reference.com/players/s/seeleni01.html
Tyler Seguin	https://www.hockey-reference.com/players/s/seguity01.html
Moritz Seider	https://www.hockey-reference.com/players/s/seidemo01.html
Brett Seney	https://www.hockey-reference.com/players/s/seneybr01.html
Mikhail Sergachev	https://www.hockey-reference.com/players/s/sergami01.html
Damon Severson	https://www.hockey-reference.com/players/s/severda01.html
Michael Sgarbossa	https://www.hockey-reference.com/players/s/sgarbmi01.html
Yegor Sharangovich	https://www.hockey-reference.com/players/s/sharaye01.html
Kevin Shattenkirk	https://www.hockey-reference.com/players/s/shattke01.html
Mason Shaw	https://www.hockey-reference.com/players/s/shawma01.html
Ryan Shea	https://www.hockey-reference.com/players/s/sheary01.html
Conor Sheary	https://www.hockey-reference.com/players/s/shearco01.html
Hunter Shepard	https://www.hockey-reference.com/players/s/shepahu01.html
Kiefer Sherwood	https://www.hockey-reference.com/players/s/sherwki01.html
Igor Shesterkin	https://www.hockey-reference.com/players/s/shestig01.html
Devin Shore	https://www.hockey-reference.com/players/s/shorede01.html
Jonas Siegenthaler	https://www.hockey-reference.com/players/s/siegejo01.html
Jakob Silfverberg	https://www.hockey-reference.com/players/s/silfvja01.html
Cole Sillinger	https://www.hockey-reference.com/players/s/sillico01.html
Arturs Silovs	https://www.hockey-reference.com/players/s/silovar01.html
Colton Sissons	https://www.hockey-reference.com/players/s/sissoco01.html
Jeff Skinner	https://www.hockey-reference.com/players/s/skinnje01.html
Stuart Skinner	https://www.hockey-reference.com/players/s/skinnst01.html
Brady Skjei	https://www.hockey-reference.com/players/s/skjeibr01.html
Juraj Slafkovsky	https://www.hockey-reference.com/players/s/slafkju01.html
Landon Slaggert	https://www.hockey-reference.com/players/s/slaggla01.html
Jaccob Slavin	https://www.hockey-reference.com/players/s/slavija01.html
Jiri Smejkal	https://www.hockey-reference.com/players/s/smejkji01.html
Brendan Smith	https://www.hockey-reference.com/players/s/smithbr05.html
Cole Smith	https://www.hockey-reference.com/players/s/smithco02.html
Craig Smith	https://www.hockey-reference.com/players/s/smithcr01.html
Givani Smith	https://www.hockey-reference.com/players/s/smithgi01.html
Reilly Smith	https://www.hockey-reference.com/players/s/smithre01.html
Joe Snively	https://www.hockey-reference.com/players/s/snivejo01.html
Arvid Söderblom	https://www.hockey-reference.com/players/s/soderar01.html
Victor Söderström	https://www.hockey-reference.com/players/s/sodervi01.html
Ilya Solovyov	https://www.hockey-reference.com/players/s/solovil01.html
Ilya Sorokin	https://www.hockey-reference.com/players/s/sorokil01.html
Carson Soucy	https://www.hockey-reference.com/players/s/soucyca01.html
Justin Sourdif	https://www.hockey-reference.com/players/s/sourdju01.html
Jordan Spence	https://www.hockey-reference.com/players/s/spencjo01.html
Daniel Sprong	https://www.hockey-reference.com/players/s/spronda01.html
Jared Spurgeon	https://www.hockey-reference.com/players/s/spurgja01.html
John St. Ivany	https://www.hockey-reference.com/players/s/stivajo01.html
Jordan Staal	https://www.hockey-reference.com/players/s/staaljo01.html
Marc Staal	https://www.hockey-reference.com/players/s/staalma01.html
Steven Stamkos	https://www.hockey-reference.com/players/s/stamkst01.html
Logan Stankoven	https://www.hockey-reference.com/players/s/stanklo01.html
Logan Stanley	https://www.hockey-reference.com/players/s/stanllo01.html
Spencer Stastney	https://www.hockey-reference.com/players/s/stastsp01.html
Troy Stecher	https://www.hockey-reference.com/players/s/stechtr01.html
Sam Steel	https://www.hockey-reference.com/players/s/steelsa01.html
Oskar Steen	https://www.hockey-reference.com/players/s/steenos01.html
Alex Steeves	https://www.hockey-reference.com/players/s/steeval02.html
Kevin Stenlund	https://www.hockey-reference.com/players/s/stenlke01.html
Mitchell Stephens	https://www.hockey-reference.com/players/s/stephmi01.html
Chandler Stephenson	https://www.hockey-reference.com/players/s/stephch02.html
Anthony Stolarz	https://www.hockey-reference.com/players/s/stolaan01.html
Mark Stone	https://www.hockey-reference.com/players/s/stonema01.html
Dylan Strome	https://www.hockey-reference.com/players/s/stromdy01.html
Ryan Strome	https://www.hockey-reference.com/players/s/stromry01.html
Jayden Struble	https://www.hockey-reference.com/players/s/strubja01.html
Marián Studenič	https://www.hockey-reference.com/players/s/studema01.html
Jack Studnicka	https://www.hockey-reference.com/players/s/studnja01.html
Nico Sturm	https://www.hockey-reference.com/players/s/sturmni01.html
Tim Stützle	https://www.hockey-reference.com/players/s/stuetti02.html
Malcolm Subban	https://www.hockey-reference.com/players/s/subbama01.html
Oskar Sundqvist	https://www.hockey-reference.com/players/s/sundqos01.html
Pius Suter	https://www.hockey-reference.com/players/s/suterpi01.html
Ryan Suter	https://www.hockey-reference.com/players/s/suterry01.html
Nick Suzuki	https://www.hockey-reference.com/players/s/suzukni01.html
Andrei Svechnikov	https://www.hockey-reference.com/players/s/svechan01.html
Jeremy Swayman	https://www.hockey-reference.com/players/s/swaymje01.html
Maksymilian Szuber	https://www.hockey-reference.com/players/s/szubema01.html
Mads Søgaard	https://www.hockey-reference.com/players/s/sogaama01.html
Cam Talbot	https://www.hockey-reference.com/players/t/talboca01.html
Brandon Tanev	https://www.hockey-reference.com/players/t/tanevbr01.html
Chris Tanev	https://www.hockey-reference.com/players/t/tanevch01.html
Vladimir Tarasenko	https://www.hockey-reference.com/players/t/tarasvl01.html
Daniil Tarasov	https://www.hockey-reference.com/players/t/tarasda02.html
Tomáš Tatar	https://www.hockey-reference.com/players/t/tatarto01.html
John Tavares	https://www.hockey-reference.com/players/t/tavarjo01.html
Teuvo Teräväinen	https://www.hockey-reference.com/players/t/teravte01.html
Troy Terry	https://www.hockey-reference.com/players/t/terrytr01.html
Alexandre Texier	https://www.hockey-reference.com/players/t/texieal01.html
Shea Theodore	https://www.hockey-reference.com/players/t/theodsh01.html
Akil Thomas	https://www.hockey-reference.com/players/t/thomaak01.html
Robert Thomas	https://www.hockey-reference.com/players/t/thomaro01.html
Jack Thompson	https://www.hockey-reference.com/players/t/thompja01.html
Logan Thompson	https://www.hockey-reference.com/players/t/thomplo01.html
Tage Thompson	https://www.hockey-reference.com/players/t/thompta01.html
Henry Thrun	https://www.hockey-reference.com/players/t/thrunhe01.html
Chris Tierney	https://www.hockey-reference.com/players/t/tiernch01.html
Conor Timmins	https://www.hockey-reference.com/players/t/timmico01.html
Jarred Tinordi	https://www.hockey-reference.com/players/t/tinorja01.html
Owen Tippett	https://www.hockey-reference.com/players/t/tippeow01.html
Brady Tkachuk	https://www.hockey-reference.com/players/t/tkachbr01.html
Matthew Tkachuk	https://www.hockey-reference.com/players/t/tkachma01.html
Devon Toews	https://www.hockey-reference.com/players/t/toewsde01.html
Tyler Toffoli	https://www.hockey-reference.com/players/t/toffoty01.html
Eeli Tolvanen	https://www.hockey-reference.com/players/t/tolvaee01.html
Philip Tomasino	https://www.hockey-reference.com/players/t/tomasph01.html
Matt Tomkins	https://www.hockey-reference.com/players/t/tomkima01.html
Dominic Toninato	https://www.hockey-reference.com/players/t/tonindo01.html
Alexey Toropchenko	https://www.hockey-reference.com/players/t/toropal01.html
Yakov Trenin	https://www.hockey-reference.com/players/t/treniya01.html
Vincent Trocheck	https://www.hockey-reference.com/players/t/trochvi01.html
Jacob Trouba	https://www.hockey-reference.com/players/t/troubja01.html
Alex Tuch	https://www.hockey-reference.com/players/t/tuchal01.html
Tyler Tucker	https://www.hockey-reference.com/players/t/tuckety01.html
Riley Tufte	https://www.hockey-reference.com/players/t/tufteri01.html
Alex Turcotte	https://www.hockey-reference.com/players/t/turcoal02.html
Linus Ullmark	https://www.hockey-reference.com/players/u/ullmali01.html
Urho Vaakanainen	https://www.hockey-reference.com/players/v/vaakaur01.html
Juuso Välimäki	https://www.hockey-reference.com/players/v/valimju01.html
James van Riemsdyk	https://www.hockey-reference.com/players/v/vanrija01.html
Trevor van Riemsdyk	https://www.hockey-reference.com/players/v/vanritr01.html
Vítek Vaněček	https://www.hockey-reference.com/players/v/vanecvi01.html
Semyon Varlamov	https://www.hockey-reference.com/players/v/varlasi01.html
Andrei Vasilevskiy	https://www.hockey-reference.com/players/v/vasilan02.html
Frank Vatrano	https://www.hockey-reference.com/players/v/vatrafr01.html
Karel Vejmelka	https://www.hockey-reference.com/players/v/vejmeka01.html
Joe Veleno	https://www.hockey-reference.com/players/v/velenjo01.html
Carter Verhaeghe	https://www.hockey-reference.com/players/v/verhaca01.html
Jimmy Vesey	https://www.hockey-reference.com/players/v/veseyji02.html
Gabriel Vilardi	https://www.hockey-reference.com/players/v/vilarga01.html
Matt Villalta	https://www.hockey-reference.com/players/v/villama01.html
Daniel Vladař	https://www.hockey-reference.com/players/v/vladada01.html
Alex Vlasic	https://www.hockey-reference.com/players/v/vlasial01.html
Marc-Édouard Vlasic	https://www.hockey-reference.com/players/v/vlasima01.html
Dmitri Voronkov	https://www.hockey-reference.com/players/v/vorondi01.html
Jakub Vrána	https://www.hockey-reference.com/players/v/vranaja01.html
Chris Wagner	https://www.hockey-reference.com/players/w/wagnech01.html
Oliver Wahlstrom	https://www.hockey-reference.com/players/w/wahlsol01.html
Nathan Walker	https://www.hockey-reference.com/players/w/walkena01.html
Samuel Walker	https://www.hockey-reference.com/players/w/walkesa01.html
Sean Walker	https://www.hockey-reference.com/players/w/walkese01.html
Jesper Wallstedt	https://www.hockey-reference.com/players/w/wallsje01.html
Jake Walman	https://www.hockey-reference.com/players/w/walmaja01.html
Austin Watson	https://www.hockey-reference.com/players/w/watsoau01.html
Scott Wedgewood	https://www.hockey-reference.com/players/w/wedgesc01.html
MacKenzie Weegar	https://www.hockey-reference.com/players/w/weegama01.html
Alexander Wennberg	https://www.hockey-reference.com/players/w/wennbal01.html
Zach Werenski	https://www.hockey-reference.com/players/w/werenza01.html
Blake Wheeler	https://www.hockey-reference.com/players/w/wheelbl01.html
Colin White	https://www.hockey-reference.com/players/w/whiteco02.html
Zach Whitecloud	https://www.hockey-reference.com/players/w/whiteza01.html
Maxwell Willman	https://www.hockey-reference.com/players/w/willmma01.html
Tom Wilson	https://www.hockey-reference.com/players/w/wilsoto01.html
Ryan Winterton	https://www.hockey-reference.com/players/w/wintery01.html
Dustin Wolf	https://www.hockey-reference.com/players/w/wolfdu01.html
Joseph Woll	https://www.hockey-reference.com/players/w/wolljo01.html
Miles Wood	https://www.hockey-reference.com/players/w/woodmi01.html
Parker Wotherspoon	https://www.hockey-reference.com/players/w/wothepa01.html
Shane Wright	https://www.hockey-reference.com/players/w/wrighsh01.html
Kailer Yamamoto	https://www.hockey-reference.com/players/y/yamamka01.html
Jesse Ylönen	https://www.hockey-reference.com/players/y/yloneje01.html
Cameron York	https://www.hockey-reference.com/players/y/yorkca01.html
