name	link	position	shoots	years_active
Noel Acciari	https://www.hockey-reference.com/players/a/acciano01.html	C	Right	2016-2024
Calen Addison	https://www.hockey-reference.com/players/a/addisca01.html	D	Right	2021-2024
Egor  Afanasyev	https://www.hockey-reference.com/players/a/afanaeg01.html	LW	Left	2023-2024
Sebastian Aho	https://www.hockey-reference.com/players/a/ahose01.html	F	Left	2017-2024
Sebastian Aho	https://www.hockey-reference.com/players/a/ahose02.html	D	Left	2018-2024
Nikita Alexandrov	https://www.hockey-reference.com/players/a/alexani01.html	C	Left	2023-2024
Alexander Alexeyev	https://www.hockey-reference.com/players/a/alexeal01.html	D	Left	2022-2024
Jake Allen	https://www.hockey-reference.com/players/a/allenja01.html	G	Not Found	2013-2024
Michael Amadio	https://www.hockey-reference.com/players/a/amadimi01.html	C	Right	2018-2024
Nils Åman	https://www.hockey-reference.com/players/a/amanni01.html	C	Left	2023-2024
Frederik Andersen	https://www.hockey-reference.com/players/a/anderfr01.html	G	Not Found	2014-2024
Joey Anderson	https://www.hockey-reference.com/players/a/anderjo08.html	RW	Right	2019-2024
Josh Anderson	https://www.hockey-reference.com/players/a/anderjo05.html	RW	Right	2015-2024
Michael Anderson	https://www.hockey-reference.com/players/a/andermi02.html	D	Left	2020-2024
Jaret Anderson-Dolan	https://www.hockey-reference.com/players/a/anderja01.html	C	Left	2019-2024
Rasmus Andersson	https://www.hockey-reference.com/players/a/anderra01.html	D	Right	2017-2024
Emil Andrae	https://www.hockey-reference.com/players/a/andraem01.html	D	Left	2024
Tyler Angle	https://www.hockey-reference.com/players/a/anglety01.html	C	Left	2023-2024
Justus Annunen	https://www.hockey-reference.com/players/a/annunju01.html	G	Not Found	2022-2024
Kenneth Appleby	https://www.hockey-reference.com/players/a/appleke01.html	G	Not Found	2018-2024
Mason Appleton	https://www.hockey-reference.com/players/a/applema01.html	C	Right	2019-2024
Joel Armia	https://www.hockey-reference.com/players/a/armiajo01.html	RW	Right	2015-2024
Viktor Arvidsson	https://www.hockey-reference.com/players/a/arvidvi01.html	LW	Right	2015-2024
Yaroslav Askarov	https://www.hockey-reference.com/players/a/askarya01.html	G	Not Found	2023-2024
Zach Aston-Reese	https://www.hockey-reference.com/players/a/astonza01.html	C	Left	2018-2024
Andreas Athanasiou	https://www.hockey-reference.com/players/a/athanan01.html	C	Left	2016-2024
Cam Atkinson	https://www.hockey-reference.com/players/a/atkinca01.html	RW	Right	2012-2024
Ronald Attard	https://www.hockey-reference.com/players/a/attarro01.html	D	Right	2022-2024
Nicolas Aubé-Kubel	https://www.hockey-reference.com/players/a/aubekni01.html	RW	Right	2019-2024
Mikael Backlund	https://www.hockey-reference.com/players/b/backlmi01.html	C	Left	2009-2024
Nicklas Bäckström	https://www.hockey-reference.com/players/b/backsni02.html	C	Left	2008-2024
Kevin Bahl	https://www.hockey-reference.com/players/b/bahlke01.html	D	Left	2021-2024
Justin Bailey	https://www.hockey-reference.com/players/b/baileju01.html	RW	Right	2016-2024
Arshdeep Bains	https://www.hockey-reference.com/players/b/bainsar01.html	F	Left	2024
Uvis Balinskis	https://www.hockey-reference.com/players/b/balinuv01.html	D	Left	2024
Alexander Barabanov	https://www.hockey-reference.com/players/b/barabal01.html	F	Left	2021-2024
Ivan Barbashev	https://www.hockey-reference.com/players/b/barbaiv01.html	C	Left	2017-2024
Aleksander Barkov	https://www.hockey-reference.com/players/b/barkoal01.html	C	Left	2014-2024
Alex Barré-Boulet	https://www.hockey-reference.com/players/b/barreal01.html	F	Left	2021-2024
Tyson Barrie	https://www.hockey-reference.com/players/b/barrity01.html	D	Right	2012-2024
Justin Barron	https://www.hockey-reference.com/players/b/barroju01.html	D	Right	2022-2024
Morgan Barron	https://www.hockey-reference.com/players/b/barromo01.html	C	Left	2021-2024
Mathew Barzal	https://www.hockey-reference.com/players/b/barzama01.html	C	Right	2017-2024
Nathan Bastian	https://www.hockey-reference.com/players/b/bastina01.html	RW	Right	2019-2024
Drake Batherson	https://www.hockey-reference.com/players/b/bathedr01.html	C	Right	2019-2024
Jake Bean	https://www.hockey-reference.com/players/b/beanja01.html	D	Left	2019-2024
Ethan Bear	https://www.hockey-reference.com/players/b/bearet01.html	D	Right	2018-2024
Anthony Beauvillier	https://www.hockey-reference.com/players/b/beauvan01.html	LW	Left	2017-2024
Adam Beckman	https://www.hockey-reference.com/players/b/beckmad01.html	LW	Left	2022-2024
Connor Bedard	https://www.hockey-reference.com/players/b/bedarco01.html	C	Right	2024
John Beecher	https://www.hockey-reference.com/players/b/beechjo01.html	C	Left	2024
Pierre-Édouard Bellemare	https://www.hockey-reference.com/players/b/bellepi01.html	LW	Left	2015-2024
Louis Belpedio	https://www.hockey-reference.com/players/b/belpelo01.html	D	Right	2018-2024
Emil Bemström	https://www.hockey-reference.com/players/b/bemstem01.html	C	Right	2020-2024
Matthew Beniers	https://www.hockey-reference.com/players/b/beniema01.html	C	Left	2022-2024
Jamie Benn	https://www.hockey-reference.com/players/b/bennja01.html	LW	Left	2010-2024
Sam Bennett	https://www.hockey-reference.com/players/b/bennesa01.html	C	Left	2015-2024
Matt Benning	https://www.hockey-reference.com/players/b/bennima01.html	D	Right	2017-2024
Simon Benoit	https://www.hockey-reference.com/players/b/benoisi01.html	D	Left	2021-2024
Zach Benson	https://www.hockey-reference.com/players/b/bensoza01.html	LW	Left	2024
Jonatan Berggren	https://www.hockey-reference.com/players/b/berggjo02.html	RW	Left	2023-2024
Jacob Bernard-Docker	https://www.hockey-reference.com/players/b/bernaja01.html	D	Right	2021-2024
Tyler Bertuzzi	https://www.hockey-reference.com/players/b/bertuty01.html	LW	Left	2017-2024
Jordan Binnington	https://www.hockey-reference.com/players/b/binnijo01.html	G	Not Found	2016-2024
Brandon Biro	https://www.hockey-reference.com/players/b/birobr01.html	F	Left	2022-2024
Oliver Bjorkstrand	https://www.hockey-reference.com/players/b/bjorkol01.html	RW	Right	2016-2024
Tobias Björnfot	https://www.hockey-reference.com/players/b/bjornto01.html	D	Left	2020-2024
Nick Bjugstad	https://www.hockey-reference.com/players/b/bjugsni01.html	C	Right	2013-2024
Colin Blackwell	https://www.hockey-reference.com/players/b/blackco01.html	C	Right	2019-2024
Mackenzie Blackwood	https://www.hockey-reference.com/players/b/blackma01.html	G	Not Found	2019-2024
Sammy Blais	https://www.hockey-reference.com/players/b/blaissa01.html	LW	Left	2018-2024
Jackson Blake	https://www.hockey-reference.com/players/b/blakeja02.html	RW	Right	2024
Nick Blankenburg	https://www.hockey-reference.com/players/b/blankni01.html	D	Right	2022-2024
Anton Blidh	https://www.hockey-reference.com/players/b/blidhan01.html	LW	Left	2017-2024
Teddy Blueger	https://www.hockey-reference.com/players/b/bluegte01.html	C	Left	2019-2024
Sergei Bobrovsky	https://www.hockey-reference.com/players/b/bobrose01.html	G	Not Found	2011-2024
Brock Boeser	https://www.hockey-reference.com/players/b/boesebr01.html	RW	Right	2017-2024
Zach Bogosian	https://www.hockey-reference.com/players/b/bogosza01.html	D	Right	2009-2024
Samuel Bolduc	https://www.hockey-reference.com/players/b/boldusa01.html	D	Left	2023-2024
Zachary Bolduc	https://www.hockey-reference.com/players/b/bolduza01.html	C	Left	2024
Matt Boldy	https://www.hockey-reference.com/players/b/boldyma01.html	LW	Left	2022-2024
Nick Bonino	https://www.hockey-reference.com/players/b/boninni01.html	C	Left	2010-2024
Adam Boqvist	https://www.hockey-reference.com/players/b/boqviad01.html	D	Right	2020-2024
Jesper Boqvist	https://www.hockey-reference.com/players/b/boqvije01.html	C	Left	2020-2024
Thomas Bordeleau	https://www.hockey-reference.com/players/b/bordeth01.html	C	Left	2022-2024
William Borgen	https://www.hockey-reference.com/players/b/borgewi01.html	D	Right	2019-2024
Robert Bortuzzo	https://www.hockey-reference.com/players/b/borturo01.html	D	Right	2012-2024
Evan Bouchard	https://www.hockey-reference.com/players/b/bouchev01.html	D	Right	2019-2024
Mavrik Bourque	https://www.hockey-reference.com/players/b/bourqma01.html	C	Right	2024
Shane Bowers	https://www.hockey-reference.com/players/b/bowersh01.html	C	Left	2023-2024
Travis Boyd	https://www.hockey-reference.com/players/b/boydtr01.html	C	Right	2018-2024
Erik Brännström	https://www.hockey-reference.com/players/b/branner01.html	D	Left	2019-2024
Jesper Bratt	https://www.hockey-reference.com/players/b/brattje01.html	W	Left	2018-2024
Justin Brazeau	https://www.hockey-reference.com/players/b/brazeju01.html	F	Right	2024
Gavin Brindley	https://www.hockey-reference.com/players/b/brindga01.html	C	Right	2024
Bobby Brink	https://www.hockey-reference.com/players/b/brinkbo01.html	RW	Right	2022-2024
Brendan Brisson	https://www.hockey-reference.com/players/b/brissbr01.html	C	Left	2024
Philip Broberg	https://www.hockey-reference.com/players/b/brobeph01.html	D	Left	2022-2024
T.J. Brodie	https://www.hockey-reference.com/players/b/broditj01.html	D	Left	2011-2024
Jonas Brodin	https://www.hockey-reference.com/players/b/brodijo01.html	D	Left	2013-2024
Jonny Brodzinski	https://www.hockey-reference.com/players/b/brodzjo01.html	C	Right	2017-2024
Laurent Brossoit	https://www.hockey-reference.com/players/b/brossla01.html	G	Not Found	2015-2024
Connor Brown	https://www.hockey-reference.com/players/b/brownco02.html	RW	Right	2016-2024
Josh Brown	https://www.hockey-reference.com/players/b/brownjo01.html	D	Right	2019-2024
Patrick Brown	https://www.hockey-reference.com/players/b/brownpa02.html	C	Right	2015-2024
Jacob Bryson	https://www.hockey-reference.com/players/b/brysoja01.html	D	Left	2021-2024
Pavel Buchnevich	https://www.hockey-reference.com/players/b/buchnpa01.html	LW	Left	2017-2024
Michael Bunting	https://www.hockey-reference.com/players/b/buntimi01.html	LW	Left	2019-2024
André Burakovsky	https://www.hockey-reference.com/players/b/burakan01.html	LW	Left	2015-2024
Callahan Burke	https://www.hockey-reference.com/players/b/burkeca01.html	C	Right	2023-2024
Brent Burns	https://www.hockey-reference.com/players/b/burnsbr01.html	D	Right	2004-2024
Kyle Burroughs	https://www.hockey-reference.com/players/b/burroky01.html	D	Right	2021-2024
Cameron Butler	https://www.hockey-reference.com/players/b/butleca01.html	F	Right	2024
Quinton Byfield	https://www.hockey-reference.com/players/b/byfiequ01.html	C	Left	2021-2024
Bowen Byram	https://www.hockey-reference.com/players/b/byrambo01.html	D	Left	2021-2024
Jack Campbell	https://www.hockey-reference.com/players/c/campbja01.html	G	Not Found	2014-2024
Michael Carcone	https://www.hockey-reference.com/players/c/carcomi01.html	F	Left	2022-2024
Declan Carlile	https://www.hockey-reference.com/players/c/carlide01.html	D	Left	2024
Brandon Carlo	https://www.hockey-reference.com/players/c/carlobr01.html	D	Right	2017-2024
John Carlson	https://www.hockey-reference.com/players/c/carlsjo01.html	D	Right	2010-2024
Leo Carlsson	https://www.hockey-reference.com/players/c/carlsle01.html	C	Left	2024
Ryan Carpenter	https://www.hockey-reference.com/players/c/carpery01.html	C	Right	2016-2024
Sam Carrick	https://www.hockey-reference.com/players/c/carrisa01.html	C	Right	2015-2024
Alexandre Carrier	https://www.hockey-reference.com/players/c/carrial01.html	D	Right	2017-2024
William Carrier	https://www.hockey-reference.com/players/c/carriwi01.html	LW	Left	2017-2024
Jeff Carter	https://www.hockey-reference.com/players/c/carteje01.html	C	Right	2006-2024
Noah Cates	https://www.hockey-reference.com/players/c/catesno01.html	LW	Left	2022-2024
Cole Caufield	https://www.hockey-reference.com/players/c/caufico01.html	RW	Right	2021-2024
Cody Ceci	https://www.hockey-reference.com/players/c/cecico01.html	D	Right	2014-2024
Erik Černák	https://www.hockey-reference.com/players/c/cernaer01.html	D	Right	2019-2024
Thomas Chabot	https://www.hockey-reference.com/players/c/chaboth01.html	D	Left	2017-2024
Mitchell Chaffee	https://www.hockey-reference.com/players/c/chaffmi01.html	F	Right	2022-2024
Rourke Chartier	https://www.hockey-reference.com/players/c/chartro01.html	C	Left	2019-2024
Jalen Chatfield	https://www.hockey-reference.com/players/c/chatfja01.html	D	Right	2021-2024
Ben Chiarot	https://www.hockey-reference.com/players/c/chiarbe01.html	D	Left	2014-2024
Nikita Chibrikov	https://www.hockey-reference.com/players/c/chibrni01.html	RW	Left	2024
Yegor Chinakhov	https://www.hockey-reference.com/players/c/chinaye01.html	RW	Left	2022-2024
Declan Chisholm	https://www.hockey-reference.com/players/c/chishde01.html	D	Left	2022-2024
Jake Christiansen	https://www.hockey-reference.com/players/c/chrisja01.html	D	Left	2022-2024
Magnus Chrona	https://www.hockey-reference.com/players/c/chronma01.html	G	Not Found	2024
Jakob Chychrun	https://www.hockey-reference.com/players/c/chychja01.html	D	Left	2017-2024
Filip Chytil	https://www.hockey-reference.com/players/c/chytifi01.html	C	Left	2018-2024
Anthony Cirelli	https://www.hockey-reference.com/players/c/cirelan01.html	C	Left	2018-2024
Casey Cizikas	https://www.hockey-reference.com/players/c/cizikca01.html	C	Left	2012-2024
Kale Clague	https://www.hockey-reference.com/players/c/claguka01.html	D	Left	2020-2024
Brandt Clarke	https://www.hockey-reference.com/players/c/clarkbr02.html	D	Right	2023-2024
Graeme Clarke	https://www.hockey-reference.com/players/c/clarkgr01.html	RW	Right	2024
Connor Clifton	https://www.hockey-reference.com/players/c/cliftco01.html	D	Right	2019-2024
Cal Clutterbuck	https://www.hockey-reference.com/players/c/cluttca01.html	RW	Right	2008-2024
Dylan Coghlan	https://www.hockey-reference.com/players/c/coghldy01.html	D	Right	2021-2024
Andrew Cogliano	https://www.hockey-reference.com/players/c/coglian01.html	LW	Left	2008-2024
Sam Colangelo	https://www.hockey-reference.com/players/c/colansa01.html	RW	Right	2024
Ian Cole	https://www.hockey-reference.com/players/c/coleia01.html	D	Left	2011-2024
Blake Coleman	https://www.hockey-reference.com/players/c/colembl01.html	C	Left	2017-2024
Ross Colton	https://www.hockey-reference.com/players/c/coltoro01.html	C	Left	2021-2024
J.T. Compher	https://www.hockey-reference.com/players/c/comphj.01.html	LW	Right	2017-2024
Eric Comrie	https://www.hockey-reference.com/players/c/comrier01.html	G	Not Found	2017-2024
Max Comtois	https://www.hockey-reference.com/players/c/comtoma01.html	LW	Left	2019-2024
Lucas Condotta	https://www.hockey-reference.com/players/c/condolu01.html	F	Left	2023-2024
Kyle Connor	https://www.hockey-reference.com/players/c/connoky01.html	LW	Left	2017-2024
Devin Cooley	https://www.hockey-reference.com/players/c/coolede01.html	G	Not Found	2024
Logan Cooley	https://www.hockey-reference.com/players/c/coolelo01.html	C	Left	2024
Pheonix Copley	https://www.hockey-reference.com/players/c/copleph01.html	G	Not Found	2016-2024
Andrew Copp	https://www.hockey-reference.com/players/c/coppan01.html	C	Left	2015-2024
Lukas Cormier	https://www.hockey-reference.com/players/c/cormilu01.html	D	Left	2024
Matthew Coronato	https://www.hockey-reference.com/players/c/coronma01.html	RW	Right	2023-2024
Paul Cotter	https://www.hockey-reference.com/players/c/cottepa01.html	C	Left	2022-2024
Nick Cousins	https://www.hockey-reference.com/players/c/cousini01.html	C	Left	2015-2024
Logan Couture	https://www.hockey-reference.com/players/c/coutulo01.html	C	Left	2010-2024
Sean Couturier	https://www.hockey-reference.com/players/c/coutuse01.html	C	Left	2012-2024
Charlie Coyle	https://www.hockey-reference.com/players/c/coylech01.html	C	Right	2013-2024
Dylan Cozens	https://www.hockey-reference.com/players/c/cozendy01.html	C	Right	2021-2024
Louis Crevier	https://www.hockey-reference.com/players/c/crevilo01.html	D	Right	2024
Angus Crookshank	https://www.hockey-reference.com/players/c/crookan01.html	LW	Left	2024
Sidney Crosby	https://www.hockey-reference.com/players/c/crosbsi01.html	C	Left	2006-2024
Cameron Crotty	https://www.hockey-reference.com/players/c/crottca01.html	D	Right	2024
Lawson Crouse	https://www.hockey-reference.com/players/c/crousla01.html	LW	Left	2017-2024
Maxwell Crozier	https://www.hockey-reference.com/players/c/crozima01.html	D	Right	2024
William Cuylle	https://www.hockey-reference.com/players/c/cuyllwi01.html	LW	Left	2023-2024
Austin Czarnik	https://www.hockey-reference.com/players/c/czarnau01.html	C	Right	2017-2024
Joey Daccord	https://www.hockey-reference.com/players/d/daccojo01.html	G	Not Found	2019-2024
Kirby Dach	https://www.hockey-reference.com/players/d/dachki01.html	C	Right	2020-2024
Evgenii Dadonov	https://www.hockey-reference.com/players/d/dadonev01.html	RW	Left	2010-2024
Rasmus Dahlin	https://www.hockey-reference.com/players/d/dahlira01.html	D	Left	2019-2024
Phillip Danault	https://www.hockey-reference.com/players/d/danauph01.html	C	Left	2015-2024
Justin Danforth	https://www.hockey-reference.com/players/d/danfoju01.html	RW	Right	2022-2024
Nico Daws	https://www.hockey-reference.com/players/d/dawsni01.html	G	Not Found	2022-2024
Calvin de Haan	https://www.hockey-reference.com/players/d/dehaaca01.html	D	Left	2012-2024
Zach Dean	https://www.hockey-reference.com/players/d/deanza01.html	C	Left	2024
Tony DeAngelo	https://www.hockey-reference.com/players/d/deangan01.html	D	Right	2017-2024
Alex DeBrincat	https://www.hockey-reference.com/players/d/debrial01.html	RW	Right	2018-2024
Jake DeBrusk	https://www.hockey-reference.com/players/d/debruja01.html	LW	Left	2018-2024
Luca Del Bel Belluz	https://www.hockey-reference.com/players/d/delbelu01.html	C	Left	2024
Marc Del Gaizo	https://www.hockey-reference.com/players/d/delgama01.html	D	Left	2024
Ethan Del Mastro	https://www.hockey-reference.com/players/d/delmaet01.html	D	Left	2024
Ty Dellandrea	https://www.hockey-reference.com/players/d/dellaty01.html	C	Right	2021-2024
Dylan DeMelo	https://www.hockey-reference.com/players/d/demeldy01.html	D	Right	2016-2024
Thatcher Demko	https://www.hockey-reference.com/players/d/demkoth01.html	G	Not Found	2018-2024
Grigori Denisenko	https://www.hockey-reference.com/players/d/denisgr01.html	LW	Right	2021-2024
Travis Dermott	https://www.hockey-reference.com/players/d/dermotr01.html	D	Left	2018-2024
Vincent Desharnais	https://www.hockey-reference.com/players/d/deshavi01.html	D	Right	2023-2024
Nick DeSimone	https://www.hockey-reference.com/players/d/desimni01.html	D	Right	2023-2024
Nicolas Deslauriers	https://www.hockey-reference.com/players/d/deslani01.html	LW	Left	2014-2024
Casey DeSmith	https://www.hockey-reference.com/players/d/desmica01.html	G	Not Found	2018-2024
Connor Dewar	https://www.hockey-reference.com/players/d/dewarco01.html	C	Left	2022-2024
Phillip Di Giuseppe	https://www.hockey-reference.com/players/d/digiuph01.html	LW	Left	2016-2024
Jason Dickinson	https://www.hockey-reference.com/players/d/dickija01.html	C	Left	2016-2024
Brenden Dillon	https://www.hockey-reference.com/players/d/dillobr01.html	D	Left	2012-2024
Josh Doan	https://www.hockey-reference.com/players/d/doanjo01.html	RW	Right	2024
Noah Dobson	https://www.hockey-reference.com/players/d/dobsono01.html	D	Right	2020-2024
Max Domi	https://www.hockey-reference.com/players/d/domima01.html	LW	Left	2016-2024
Louis Domingue	https://www.hockey-reference.com/players/d/dominlo01.html	G	Not Found	2015-2024
Ryan Donato	https://www.hockey-reference.com/players/d/donatry01.html	C	Left	2018-2024
Pavel Dorofeyev	https://www.hockey-reference.com/players/d/dorofpa01.html	LW	Left	2022-2024
Lukáš Dostál	https://www.hockey-reference.com/players/d/dostalu01.html	G	Not Found	2022-2024
Drew Doughty	https://www.hockey-reference.com/players/d/doughdr01.html	D	Right	2009-2024
Nic Dowd	https://www.hockey-reference.com/players/d/dowdni01.html	C	Right	2016-2024
Justin Dowling	https://www.hockey-reference.com/players/d/dowliju01.html	C	Left	2017-2024
Leon Draisaitl	https://www.hockey-reference.com/players/d/draisle01.html	C	Left	2015-2024
Chris Driedger	https://www.hockey-reference.com/players/d/driedch01.html	G	Not Found	2015-2024
Jonathan Drouin	https://www.hockey-reference.com/players/d/drouijo01.html	LW	Left	2015-2024
Jack Drury	https://www.hockey-reference.com/players/d/druryja01.html	C	Left	2022-2024
Jamie Drysdale	https://www.hockey-reference.com/players/d/drysdja01.html	D	Right	2021-2024
Dillon Dubé	https://www.hockey-reference.com/players/d/dubedi01.html	C	Left	2019-2024
Pierrick Dube	https://www.hockey-reference.com/players/d/dubepi01.html	F	Left	2024
Pierre-Luc Dubois	https://www.hockey-reference.com/players/d/duboipi01.html	LW	Left	2018-2024
Matt Duchene	https://www.hockey-reference.com/players/d/duchema01.html	C	Left	2010-2024
Anthony Duclair	https://www.hockey-reference.com/players/d/duclaan01.html	LW	Left	2015-2024
Walker Duehr	https://www.hockey-reference.com/players/d/duehrwa01.html	F	Right	2022-2024
Brandon Duhaime	https://www.hockey-reference.com/players/d/duhaibr01.html	RW	Left	2022-2024
Mathew Dumba	https://www.hockey-reference.com/players/d/dumbama01.html	D	Right	2014-2024
Brian Dumoulin	https://www.hockey-reference.com/players/d/dumoubr01.html	D	Left	2014-2024
Vince Dunn	https://www.hockey-reference.com/players/d/dunnvi02.html	D	Left	2018-2024
Sean Durzi	https://www.hockey-reference.com/players/d/durzise01.html	D	Right	2022-2024
Christian Dvorak	https://www.hockey-reference.com/players/d/dvorach01.html	C	Left	2017-2024
Jordan Eberle	https://www.hockey-reference.com/players/e/eberljo01.html	RW	Right	2011-2024
Joel Edmundson	https://www.hockey-reference.com/players/e/edmunjo01.html	D	Left	2016-2024
Adam Edstrom	https://www.hockey-reference.com/players/e/edstrad01.html	C	Left	2024
Simon Edvinsson	https://www.hockey-reference.com/players/e/edvinsi01.html	D	Left	2023-2024
Nikolaj Ehlers	https://www.hockey-reference.com/players/e/ehlerni01.html	LW	Left	2016-2024
Jack Eichel	https://www.hockey-reference.com/players/e/eicheja01.html	C	Right	2016-2024
Aaron Ekblad	https://www.hockey-reference.com/players/e/ekblaaa01.html	D	Right	2015-2024
Mattias Ekholm	https://www.hockey-reference.com/players/e/ekholma01.html	D	Left	2012-2024
William Eklund	https://www.hockey-reference.com/players/e/eklunwi01.html	LW	Left	2022-2024
Oliver Ekman-Larsson	https://www.hockey-reference.com/players/e/ekmanol01.html	D	Left	2011-2024
Lars Eller	https://www.hockey-reference.com/players/e/ellerla01.html	C	Left	2010-2024
Ty Emberson	https://www.hockey-reference.com/players/e/emberty01.html	D	Right	2024
Andreas Englund	https://www.hockey-reference.com/players/e/engluan01.html	D	Left	2017-2024
Pierre Engvall	https://www.hockey-reference.com/players/e/engvapi01.html	LW	Left	2020-2024
MacKenzie Entwistle	https://www.hockey-reference.com/players/e/entwima01.html	RW	Right	2021-2024
Joel Eriksson Ek	https://www.hockey-reference.com/players/e/eriksjo02.html	C	Left	2017-2024
Adam Erne	https://www.hockey-reference.com/players/e/ernead01.html	LW	Left	2017-2024
Samuel Ersson	https://www.hockey-reference.com/players/e/erssosa01.html	G	Not Found	2023-2024
Luke Evangelista	https://www.hockey-reference.com/players/e/evanglu01.html	RW	Right	2023-2024
Jake Evans	https://www.hockey-reference.com/players/e/evansja02.html	C	Right	2020-2024
Ryker Evans	https://www.hockey-reference.com/players/e/evansry01.html	D	Left	2024
Michael Eyssimont	https://www.hockey-reference.com/players/e/eyssimi01.html	C	Left	2022-2024
Robby Fabbri	https://www.hockey-reference.com/players/f/fabbrro01.html	C	Left	2016-2024
Dante Fabbro	https://www.hockey-reference.com/players/f/fabbrda01.html	D	Right	2019-2024
Brock Faber	https://www.hockey-reference.com/players/f/faberbr01.html	D	Right	2023-2024
Samuel Fagemo	https://www.hockey-reference.com/players/f/fagemsa01.html	LW	Right	2022-2024
Radek Faksa	https://www.hockey-reference.com/players/f/faksara01.html	C	Left	2016-2024
Adam Fantilli	https://www.hockey-reference.com/players/f/fantiad01.html	C	Left	2024
Joel Farabee	https://www.hockey-reference.com/players/f/farabjo01.html	LW	Left	2020-2024
Hudson Fasching	https://www.hockey-reference.com/players/f/faschhu01.html	RW	Right	2016-2024
Jesper Fast	https://www.hockey-reference.com/players/f/fastje01.html	RW	Right	2014-2024
Justin Faulk	https://www.hockey-reference.com/players/f/faulkju01.html	D	Right	2012-2024
Ivan Fedotov	https://www.hockey-reference.com/players/f/fedotiv01.html	G	Not Found	2024
Martin Fehérváry	https://www.hockey-reference.com/players/f/feherma01.html	D	Left	2020-2024
Mario Ferraro	https://www.hockey-reference.com/players/f/ferrama01.html	D	Left	2020-2024
Kevin Fiala	https://www.hockey-reference.com/players/f/fialake01.html	LW	Left	2015-2024
Christian Fischer	https://www.hockey-reference.com/players/f/fischch01.html	RW	Right	2017-2024
Trey Fix-Wolansky	https://www.hockey-reference.com/players/f/fixwotr01.html	RW	Right	2022-2024
Cale Fleury	https://www.hockey-reference.com/players/f/fleurca01.html	D	Right	2020-2024
Haydn Fleury	https://www.hockey-reference.com/players/f/fleurha01.html	D	Left	2018-2024
Marc-André Fleury	https://www.hockey-reference.com/players/f/fleurma01.html	G	Not Found	2004-2024
Warren Foegele	https://www.hockey-reference.com/players/f/foegewa01.html	LW	Left	2018-2024
Tyson Foerster	https://www.hockey-reference.com/players/f/foersty01.html	RW	Right	2023-2024
Marcus Foligno	https://www.hockey-reference.com/players/f/foligma01.html	LW	Left	2012-2024
Nick Foligno	https://www.hockey-reference.com/players/f/foligni01.html	LW	Left	2008-2024
Callan Foote	https://www.hockey-reference.com/players/f/footeca01.html	D	Right	2021-2024
Nolan Foote	https://www.hockey-reference.com/players/f/footeno01.html	LW	Left	2021-2024
Derek Forbort	https://www.hockey-reference.com/players/f/forbode01.html	D	Left	2016-2024
Anton Forsberg	https://www.hockey-reference.com/players/f/forsban01.html	G	Not Found	2015-2024
Filip Forsberg	https://www.hockey-reference.com/players/f/forsbfi01.html	C	Right	2013-2024
Gustav Forsling	https://www.hockey-reference.com/players/f/forslgu02.html	D	Left	2017-2024
Jean-Luc Foudy	https://www.hockey-reference.com/players/f/foudyje01.html	C	Right	2023-2024
Liam Foudy	https://www.hockey-reference.com/players/f/foudyli01.html	C	Left	2020-2024
Cam Fowler	https://www.hockey-reference.com/players/f/fowleca01.html	D	Left	2011-2024
Adam Fox	https://www.hockey-reference.com/players/f/foxad01.html	D	Right	2020-2024
Trent Frederic	https://www.hockey-reference.com/players/f/fredetr01.html	C	Left	2019-2024
Mark Friedman	https://www.hockey-reference.com/players/f/friedma01.html	D	Right	2019-2024
Byron Froese	https://www.hockey-reference.com/players/f/froesby01.html	C	Right	2016-2024
Morgan Frost	https://www.hockey-reference.com/players/f/frostmo01.html	C	Left	2020-2024
Jonah Gadjovich	https://www.hockey-reference.com/players/g/gadjojo01.html	LW	Left	2021-2024
Sam Gagner	https://www.hockey-reference.com/players/g/gagnesa01.html	C	Right	2008-2024
Brendan Gallagher	https://www.hockey-reference.com/players/g/gallabr01.html	RW	Right	2013-2024
Rhett Gardner	https://www.hockey-reference.com/players/g/gardnrh01.html	C	Left	2020-2024
Conor Garland	https://www.hockey-reference.com/players/g/garlaco01.html	RW	Right	2019-2024
Adam Gaudette	https://www.hockey-reference.com/players/g/gaudead01.html	C	Right	2018-2024
Frédérick Gaudreau	https://www.hockey-reference.com/players/g/gaudrfr01.html	C	Right	2017-2024
Johnny Gaudreau	https://www.hockey-reference.com/players/g/gaudrjo01.html	LW	Left	2014-2024
Brendan Gaunce	https://www.hockey-reference.com/players/g/gauncbr01.html	C	Left	2016-2024
Cutter Gauthier	https://www.hockey-reference.com/players/g/gauthcu01.html	LW	Left	2024
Julien Gauthier	https://www.hockey-reference.com/players/g/gauthju01.html	RW	Right	2020-2024
Vladislav Gavrikov	https://www.hockey-reference.com/players/g/gavrivl01.html	D	Left	2020-2024
Glenn Gawdin	https://www.hockey-reference.com/players/g/gawdigl01.html	C	Right	2021-2024
Morgan Geekie	https://www.hockey-reference.com/players/g/geekimo01.html	C	Right	2020-2024
Alexandar Georgiev	https://www.hockey-reference.com/players/g/georgal01.html	G	Not Found	2018-2024
John Gibson	https://www.hockey-reference.com/players/g/gibsojo02.html	G	Not Found	2014-2024
Brandon Gignac	https://www.hockey-reference.com/players/g/gignabr01.html	C	Left	2019-2024
Dennis Gilbert	https://www.hockey-reference.com/players/g/gilbede01.html	D	Left	2019-2024
Adam Ginning	https://www.hockey-reference.com/players/g/ginniad01.html	D	Left	2023-2024
Mark Giordano	https://www.hockey-reference.com/players/g/giordma01.html	D	Left	2006-2024
Samuel Girard	https://www.hockey-reference.com/players/g/girarsa01.html	D	Left	2018-2024
Zemgus Girgensons	https://www.hockey-reference.com/players/g/girgeze01.html	C	Left	2014-2024
Claude Giroux	https://www.hockey-reference.com/players/g/giroucl01.html	C	Right	2008-2024
Cody Glass	https://www.hockey-reference.com/players/g/glassco01.html	C	Right	2020-2024
Luke Glendening	https://www.hockey-reference.com/players/g/glendlu01.html	C	Right	2014-2024
Alex Goligoski	https://www.hockey-reference.com/players/g/goligal01.html	D	Left	2008-2024
Gage Goncalves	https://www.hockey-reference.com/players/g/goncaga01.html	C	Left	2024
Barclay Goodrow	https://www.hockey-reference.com/players/g/goodrba01.html	RW	Left	2015-2024
Shayne Gostisbehere	https://www.hockey-reference.com/players/g/gostish01.html	D	Left	2015-2024
Yanni Gourde	https://www.hockey-reference.com/players/g/gourdya01.html	C	Left	2016-2024
Collin Graf	https://www.hockey-reference.com/players/g/grafco01.html	F	Right	2024
Mikael Granlund	https://www.hockey-reference.com/players/g/granlmi01.html	C	Left	2013-2024
Ryan Graves	https://www.hockey-reference.com/players/g/gravery01.html	D	Left	2019-2024
Jet Greaves	https://www.hockey-reference.com/players/g/greavje01.html	G	Not Found	2023-2024
Jordan Greenway	https://www.hockey-reference.com/players/g/greenjo02.html	LW	Left	2018-2024
A.J. Greer	https://www.hockey-reference.com/players/g/greeraj01.html	LW	Left	2017-2024
Noah Gregor	https://www.hockey-reference.com/players/g/gregono01.html	C	Left	2020-2024
Ridly Greig	https://www.hockey-reference.com/players/g/greigri01.html	C	Left	2023-2024
Benoit-Olivier Groulx	https://www.hockey-reference.com/players/g/groulbe01.html	C	Left	2022-2024
Philipp Grubauer	https://www.hockey-reference.com/players/g/grubaph01.html	G	Not Found	2013-2024
Jonathan Gruden	https://www.hockey-reference.com/players/g/grudejo02.html	C	Left	2023-2024
Carl Grundström	https://www.hockey-reference.com/players/g/grundca01.html	RW	Left	2019-2024
Matt Grzelcyk	https://www.hockey-reference.com/players/g/grzelma01.html	D	Left	2017-2024
Radko Gudas	https://www.hockey-reference.com/players/g/gudasra01.html	D	Right	2013-2024
Erik Gudbranson	https://www.hockey-reference.com/players/g/gudbrer01.html	D	Right	2012-2024
Max Guenette	https://www.hockey-reference.com/players/g/guenema01.html	D	Right	2023-2024
Dylan Guenther	https://www.hockey-reference.com/players/g/guentdy01.html	RW	Right	2023-2024
Jake Guentzel	https://www.hockey-reference.com/players/g/guentja01.html	C	Left	2017-2024
Kaiden Guhle	https://www.hockey-reference.com/players/g/guhleka01.html	D	Left	2023-2024
Denis Gurianov	https://www.hockey-reference.com/players/g/guriade01.html	RW	Left	2017-2024
Daniil Gushchin	https://www.hockey-reference.com/players/g/gushcda01.html	LW	Left	2023-2024
David Gustafsson	https://www.hockey-reference.com/players/g/gustada01.html	C	Left	2020-2024
Erik Gustafsson	https://www.hockey-reference.com/players/g/gustaer02.html	D	Left	2016-2024
Filip Gustavsson	https://www.hockey-reference.com/players/g/gustafi01.html	G	Not Found	2021-2024
Cole Guttman	https://www.hockey-reference.com/players/g/guttmco01.html	C	Right	2023-2024
Brandon Hagel	https://www.hockey-reference.com/players/h/hagelbr01.html	LW	Left	2020-2024
Robert Hägg	https://www.hockey-reference.com/players/h/haggro01.html	D	Left	2017-2024
Nicolas Hague	https://www.hockey-reference.com/players/h/hagueni01.html	D	Left	2020-2024
Jani Hakanpää	https://www.hockey-reference.com/players/h/hakanja01.html	D	Right	2020-2024
Taylor Hall	https://www.hockey-reference.com/players/h/hallta02.html	LW	Left	2011-2024
Brian Halonen	https://www.hockey-reference.com/players/h/halonbr01.html	F	Right	2024
Hardy Haman Aktell	https://www.hockey-reference.com/players/h/hamanha01.html	D	Left	2024
James Hamblin	https://www.hockey-reference.com/players/h/hamblja01.html	F	Left	2023-2024
Dougie Hamilton	https://www.hockey-reference.com/players/h/hamildo01.html	D	Right	2013-2024
Travis Hamonic	https://www.hockey-reference.com/players/h/hamontr01.html	D	Right	2011-2024
Noah Hanifin	https://www.hockey-reference.com/players/h/hanifno01.html	D	Left	2016-2024
Joel Hanley	https://www.hockey-reference.com/players/h/hanlejo01.html	D	Left	2016-2024
Jansen Harkins	https://www.hockey-reference.com/players/h/harkija01.html	C	Left	2020-2024
Thomas Harley	https://www.hockey-reference.com/players/h/harleth01.html	D	Left	2022-2024
Jordan Harris	https://www.hockey-reference.com/players/h/harrijo01.html	D	Left	2022-2024
Carter Hart	https://www.hockey-reference.com/players/h/hartca01.html	G	Not Found	2019-2024
Ryan Hartman	https://www.hockey-reference.com/players/h/hartmry01.html	RW	Right	2015-2024
Rafaël Harvey-Pinard	https://www.hockey-reference.com/players/h/harvera01.html	LW	Left	2022-2024
Santeri Hatakka	https://www.hockey-reference.com/players/h/hataksa01.html	D	Left	2022-2024
Garnet Hathaway	https://www.hockey-reference.com/players/h/hathaga01.html	RW	Right	2016-2024
Erik Haula	https://www.hockey-reference.com/players/h/haulaer01.html	LW	Left	2014-2024
John Hayden	https://www.hockey-reference.com/players/h/haydejo01.html	C	Right	2017-2024
Kevin Hayes	https://www.hockey-reference.com/players/h/hayeske01.html	RW	Left	2015-2024
Barrett Hayton	https://www.hockey-reference.com/players/h/haytoba01.html	C	Left	2020-2024
Victor Hedman	https://www.hockey-reference.com/players/h/hedmavi01.html	D	Left	2010-2024
Emil Heineman	https://www.hockey-reference.com/players/h/heineem01.html	LW	Left	2024
Danton Heinen	https://www.hockey-reference.com/players/h/heineda01.html	C	Left	2017-2024
Miro Heiskanen	https://www.hockey-reference.com/players/h/heiskmi01.html	D	Left	2019-2024
Magnus Hellberg	https://www.hockey-reference.com/players/h/hellbma01.html	G	Not Found	2014-2024
Connor Hellebuyck	https://www.hockey-reference.com/players/h/helleco01.html	G	Not Found	2016-2024
Adam Henrique	https://www.hockey-reference.com/players/h/henriad01.html	C	Left	2011-2024
Tomáš Hertl	https://www.hockey-reference.com/players/h/hertlto01.html	C	Left	2014-2024
Matthew Highmore	https://www.hockey-reference.com/players/h/highmma01.html	LW	Left	2018-2024
Adin Hill	https://www.hockey-reference.com/players/h/hillad01.html	G	Not Found	2018-2024
Vinnie Hinostroza	https://www.hockey-reference.com/players/h/hinosvi01.html	C	Right	2016-2024
Roope Hintz	https://www.hockey-reference.com/players/h/hintzro01.html	LW	Left	2019-2024
Akito Hirose	https://www.hockey-reference.com/players/h/hirosak01.html	D	Left	2023-2024
Nico Hischier	https://www.hockey-reference.com/players/h/hischni01.html	C	Left	2018-2024
Joel Hofer	https://www.hockey-reference.com/players/h/hoferjo01.html	G	Not Found	2022-2024
Mike Hoffman	https://www.hockey-reference.com/players/h/hoffmmi02.html	C	Left	2012-2024
Nils Höglander	https://www.hockey-reference.com/players/h/hoglani01.html	LW	Left	2021-2024
Justin Holl	https://www.hockey-reference.com/players/h/hollju01.html	D	Right	2018-2024
Dylan Holloway	https://www.hockey-reference.com/players/h/hollody01.html	C	Left	2023-2024
Pontus Holmberg	https://www.hockey-reference.com/players/h/holmbpo01.html	RW	Left	2023-2024
Simon Holmström	https://www.hockey-reference.com/players/h/holmssi01.html	RW	Left	2023-2024
Alexander Holtz	https://www.hockey-reference.com/players/h/holtzal01.html	RW	Right	2022-2024
Bo Horvat	https://www.hockey-reference.com/players/h/horvabo01.html	C	Left	2015-2024
Brett Howden	https://www.hockey-reference.com/players/h/howdebr01.html	C	Left	2019-2024
Filip Hronek	https://www.hockey-reference.com/players/h/hronefi01.html	D	Right	2019-2024
Jonathan Huberdeau	https://www.hockey-reference.com/players/h/huberjo01.html	LW	Left	2013-2024
Jack Hughes	https://www.hockey-reference.com/players/h/hugheja03.html	C	Left	2020-2024
Luke Hughes	https://www.hockey-reference.com/players/h/hughelu01.html	D	Left	2023-2024
Quinn Hughes	https://www.hockey-reference.com/players/h/hughequ01.html	D	Left	2019-2024
Daemon Hunt	https://www.hockey-reference.com/players/h/huntda01.html	D	Left	2024
Dryden Hunt	https://www.hockey-reference.com/players/h/huntdr01.html	LW	Left	2018-2024
Ville Husso	https://www.hockey-reference.com/players/h/hussovi01.html	G	Not Found	2021-2024
Michael Hutchinson	https://www.hockey-reference.com/players/h/hutchmi01.html	G	Not Found	2014-2024
Lane Hutson	https://www.hockey-reference.com/players/h/hutsola01.html	D	Left	2024
Ben Hutton	https://www.hockey-reference.com/players/h/huttobe01.html	D	Left	2016-2024
Grant Hutton	https://www.hockey-reference.com/players/h/huttogr01.html	D	Right	2022-2024
Zach Hyman	https://www.hockey-reference.com/players/h/hymanza01.html	LW	Right	2016-2024
Alex Iafallo	https://www.hockey-reference.com/players/i/iafalal01.html	C	Left	2018-2024
Bokondji Imama	https://www.hockey-reference.com/players/i/imamabo01.html	LW	Left	2022-2024
Connor Ingram	https://www.hockey-reference.com/players/i/ingraco01.html	G	Not Found	2022-2024
Vincent Iorio	https://www.hockey-reference.com/players/i/ioriovi01.html	D	Right	2023-2024
Ruslan Iskhakov	https://www.hockey-reference.com/players/i/iskharu01.html	C	Left	2024
Mark Jankowski	https://www.hockey-reference.com/players/j/jankoma01.html	C	Left	2017-2024
Mattias Janmark	https://www.hockey-reference.com/players/j/janmama02.html	C	Left	2016-2024
Calle Järnkrok	https://www.hockey-reference.com/players/j/jarnkca01.html	C	Right	2014-2024
Tristan Jarry	https://www.hockey-reference.com/players/j/jarrytr01.html	G	Not Found	2017-2024
Roby Jarventie	https://www.hockey-reference.com/players/j/jarvero01.html	LW	Left	2024
Seth Jarvis	https://www.hockey-reference.com/players/j/jarvise01.html	C	Right	2022-2024
Tanner Jeannot	https://www.hockey-reference.com/players/j/jeannta01.html	F	Left	2021-2024
Jan Jeník	https://www.hockey-reference.com/players/j/jenikja01.html	RW	Left	2021-2024
Boone Jenner	https://www.hockey-reference.com/players/j/jennebo01.html	C	Left	2014-2024
Nick Jensen	https://www.hockey-reference.com/players/j/jenseni02.html	D	Right	2017-2024
David Jiříček	https://www.hockey-reference.com/players/j/jiricda01.html	D	Right	2023-2024
Lucas Johansen	https://www.hockey-reference.com/players/j/johanlu01.html	D	Left	2022-2024
Ryan Johansen	https://www.hockey-reference.com/players/j/johanry01.html	C	Right	2012-2024
Jonas Johansson	https://www.hockey-reference.com/players/j/johanjo03.html	G	Not Found	2020-2024
Marcus Johansson	https://www.hockey-reference.com/players/j/johanma03.html	C	Left	2011-2024
Erik Johnson	https://www.hockey-reference.com/players/j/johnser01.html	D	Right	2008-2024
Jack Johnson	https://www.hockey-reference.com/players/j/johnsja02.html	D	Left	2007-2024
Kent Johnson	https://www.hockey-reference.com/players/j/johnske01.html	C	Left	2022-2024
Reese Johnson	https://www.hockey-reference.com/players/j/johnsre01.html	F	Right	2021-2024
Ryan Johnson	https://www.hockey-reference.com/players/j/johnsry03.html	D	Left	2024
Tyler Johnson	https://www.hockey-reference.com/players/j/johnsty01.html	C	Right	2013-2024
Ross Johnston	https://www.hockey-reference.com/players/j/johnsro02.html	LW	Left	2016-2024
Wyatt Johnston	https://www.hockey-reference.com/players/j/johnswy01.html	C	Right	2023-2024
Marc Johnstone	https://www.hockey-reference.com/players/j/johnsma04.html	F	Right	2024
Henri Jokiharju	https://www.hockey-reference.com/players/j/jokihhe01.html	D	Right	2019-2024
Caleb Jones	https://www.hockey-reference.com/players/j/jonesca01.html	D	Left	2019-2024
Martin Jones	https://www.hockey-reference.com/players/j/jonesma02.html	G	Not Found	2014-2024
Max Jones	https://www.hockey-reference.com/players/j/jonesma03.html	LW	Left	2019-2024
Seth Jones	https://www.hockey-reference.com/players/j/jonesse01.html	D	Right	2014-2024
Zachary Jones	https://www.hockey-reference.com/players/j/jonesza01.html	D	Left	2021-2024
Axel Jonsson-Fjällby	https://www.hockey-reference.com/players/j/jonssax01.html	LW	Left	2022-2024
Mathieu Joseph	https://www.hockey-reference.com/players/j/josepma01.html	RW	Left	2019-2024
Pierre-Olivier Joseph	https://www.hockey-reference.com/players/j/joseppi01.html	D	Left	2021-2024
Dakota Joshua	https://www.hockey-reference.com/players/j/joshuda01.html	C	Left	2021-2024
Roman Josi	https://www.hockey-reference.com/players/j/josiro01.html	D	Left	2012-2024
Tyson Jost	https://www.hockey-reference.com/players/j/jostty01.html	C	Left	2017-2024
Noah Juulsen	https://www.hockey-reference.com/players/j/juulsno01.html	D	Right	2018-2024
Nazem Kadri	https://www.hockey-reference.com/players/k/kadrina01.html	C	Left	2010-2024
Kaapo Kähkönen	https://www.hockey-reference.com/players/k/kahkoka01.html	G	Not Found	2020-2024
Wyatt Kaiser	https://www.hockey-reference.com/players/k/kaisewy01.html	D	Left	2023-2024
Kaapo Kakko	https://www.hockey-reference.com/players/k/kakkoka01.html	RW	Left	2020-2024
Arthur Kaliyev	https://www.hockey-reference.com/players/k/kaliyar01.html	RW	Left	2021-2024
David Kämpf	https://www.hockey-reference.com/players/k/kampfda01.html	C	Left	2018-2024
Evander Kane	https://www.hockey-reference.com/players/k/kaneev01.html	LW	Left	2010-2024
Patrick Kane	https://www.hockey-reference.com/players/k/kanepa01.html	RW	Left	2008-2024
Kasperi Kapanen	https://www.hockey-reference.com/players/k/kapanka01.html	RW	Right	2016-2024
Kirill Kaprizov	https://www.hockey-reference.com/players/k/kapriki01.html	LW	Left	2021-2024
Erik Karlsson	https://www.hockey-reference.com/players/k/karlser01.html	D	Right	2010-2024
Linus Karlsson	https://www.hockey-reference.com/players/k/karlsli01.html	C	Right	2024
William Karlsson	https://www.hockey-reference.com/players/k/karlswi01.html	C	Left	2015-2024
Tye Kartye	https://www.hockey-reference.com/players/k/kartyty01.html	F	Left	2024
Mark Kastelic	https://www.hockey-reference.com/players/k/kastema01.html	C	Right	2022-2024
Boris Katchouk	https://www.hockey-reference.com/players/k/katchbo01.html	LW	Left	2022-2024
Miloš Kelemen	https://www.hockey-reference.com/players/k/kelemmi01.html	F	Left	2023-2024
Clayton Keller	https://www.hockey-reference.com/players/k/kellecl01.html	C	Left	2017-2024
Parker Kelly	https://www.hockey-reference.com/players/k/kellypa01.html	F	Left	2021-2024
Philip Kemp	https://www.hockey-reference.com/players/k/kempph01.html	D	Right	2024
Adrian Kempe	https://www.hockey-reference.com/players/k/kempead01.html	LW	Left	2017-2024
Alexander Kerfoot	https://www.hockey-reference.com/players/k/kerfoal01.html	C	Left	2018-2024
Matthew Kessel	https://www.hockey-reference.com/players/k/kessema01.html	D	Right	2023-2024
Michael Kesselring	https://www.hockey-reference.com/players/k/kessemi01.html	D	Right	2023-2024
Jujhar Khaira	https://www.hockey-reference.com/players/k/khairju01.html	LW	Left	2016-2024
Marat Khusnutdinov	https://www.hockey-reference.com/players/k/khusnma01.html	C	Left	2024
Alex Killorn	https://www.hockey-reference.com/players/k/killoal01.html	C	Left	2013-2024
Justin Kirkland	https://www.hockey-reference.com/players/k/kirklju01.html	LW	Left	2023-2024
Joel Kiviranta	https://www.hockey-reference.com/players/k/kivirjo01.html	F	Left	2020-2024
Adam Klapka	https://www.hockey-reference.com/players/k/klapkad01.html	F	Right	2024
Tyler Kleven	https://www.hockey-reference.com/players/k/klevety01.html	D	Left	2023-2024
John Klingberg	https://www.hockey-reference.com/players/k/klingjo01.html	D	Right	2015-2024
Matthew Knies	https://www.hockey-reference.com/players/k/kniesma01.html	LW	Left	2023-2024
Nikolai Knyzhov	https://www.hockey-reference.com/players/k/knyzhni01.html	D	Left	2020-2024
Patrik Koch	https://www.hockey-reference.com/players/k/kochpa01.html	D	Left	2024
Pyotr Kochetkov	https://www.hockey-reference.com/players/k/kochepy01.html	G	Not Found	2022-2024
Cole Koepke	https://www.hockey-reference.com/players/k/koepkco01.html	LW	Left	2023-2024
Keegan Kolesar	https://www.hockey-reference.com/players/k/koleske01.html	RW	Right	2020-2024
Vladislav Kolyachonok	https://www.hockey-reference.com/players/k/kolyavl01.html	D	Left	2022-2024
Travis Konecny	https://www.hockey-reference.com/players/k/konectr01.html	C	Right	2017-2024
Anže Kopitar	https://www.hockey-reference.com/players/k/kopitan01.html	C	Left	2007-2024
Joona Koppanen	https://www.hockey-reference.com/players/k/koppajo01.html	LW	Left	2023-2024
Kevin Korchinski	https://www.hockey-reference.com/players/k/korchke01.html	D	Left	2024
Kaedan Korczak	https://www.hockey-reference.com/players/k/korczka01.html	D	Right	2022-2024
Joonas Korpisalo	https://www.hockey-reference.com/players/k/korpijo01.html	G	Not Found	2016-2024
Klim Kostin	https://www.hockey-reference.com/players/k/kostikl01.html	C	Left	2020-2024
Jesperi Kotkaniemi	https://www.hockey-reference.com/players/k/kotkaje01.html	C	Left	2019-2024
Johnathan Kovacevic	https://www.hockey-reference.com/players/k/kovacjo01.html	D	Right	2022-2024
Peyton Krebs	https://www.hockey-reference.com/players/k/krebspe01.html	C	Left	2021-2024
Chris Kreider	https://www.hockey-reference.com/players/k/kreidch01.html	LW	Left	2013-2024
Torey Krug	https://www.hockey-reference.com/players/k/krugto01.html	D	Left	2012-2024
Dominik Kubalík	https://www.hockey-reference.com/players/k/kubaldo01.html	LW	Left	2020-2024
Nikita Kucherov	https://www.hockey-reference.com/players/k/kucheni01.html	RW	Left	2014-2024
Darcy Kuemper	https://www.hockey-reference.com/players/k/kuempda01.html	G	Not Found	2013-2024
Brett Kulak	https://www.hockey-reference.com/players/k/kulakbr01.html	D	Left	2015-2024
Jiri Kulich	https://www.hockey-reference.com/players/k/kulicji01.html	C	Left	2024
Dmitry Kulikov	https://www.hockey-reference.com/players/k/kulikdm01.html	D	Left	2010-2024
Luke Kunin	https://www.hockey-reference.com/players/k/kuninlu01.html	C	Right	2018-2024
Rasmus Kupari	https://www.hockey-reference.com/players/k/kuparra01.html	C	Right	2021-2024
Sean Kuraly	https://www.hockey-reference.com/players/k/kuralse01.html	C	Left	2017-2024
Philipp Kurashev	https://www.hockey-reference.com/players/k/kurasph01.html	C	Left	2021-2024
Andrei Kuzmenko	https://www.hockey-reference.com/players/k/kuzmean01.html	F	Right	2023-2024
Evgeny Kuznetsov	https://www.hockey-reference.com/players/k/kuzneev01.html	C	Left	2014-2024
Yan Kuznetsov	https://www.hockey-reference.com/players/k/kuzneya01.html	D	Left	2024
Oliver Kylington	https://www.hockey-reference.com/players/k/kylinol01.html	D	Left	2016-2024
Jordan Kyrou	https://www.hockey-reference.com/players/k/kyroujo01.html	C	Right	2019-2024
Kevin Labanc	https://www.hockey-reference.com/players/l/labanke01.html	RW	Right	2017-2024
Samuel Laberge	https://www.hockey-reference.com/players/l/labersa01.html	W	Left	2024
Jackson LaCombe	https://www.hockey-reference.com/players/l/lacomja01.html	D	Left	2023-2024
Alex Laferriere	https://www.hockey-reference.com/players/l/laferal01.html	RW	Right	2024
Sam Lafferty	https://www.hockey-reference.com/players/l/laffesa01.html	C	Right	2020-2024
Alexis Lafrenière	https://www.hockey-reference.com/players/l/lafreal01.html	LW	Left	2021-2024
William Lagesson	https://www.hockey-reference.com/players/l/lageswi01.html	D	Left	2020-2024
Patrik Laine	https://www.hockey-reference.com/players/l/lainepa01.html	RW	Right	2017-2024
Maxime Lajoie	https://www.hockey-reference.com/players/l/lajoima01.html	D	Left	2019-2024
Brad Lambert	https://www.hockey-reference.com/players/l/lambebr01.html	C	Right	2024
Kevin Lankinen	https://www.hockey-reference.com/players/l/lankike01.html	G	Not Found	2021-2024
Hendrix Lapierre	https://www.hockey-reference.com/players/l/lapiehe01.html	C	Left	2022-2024
Dylan Larkin	https://www.hockey-reference.com/players/l/larkidy01.html	C	Left	2016-2024
Adam Larsson	https://www.hockey-reference.com/players/l/larssad01.html	D	Right	2012-2024
Scott Laughton	https://www.hockey-reference.com/players/l/laughsc01.html	C	Left	2013-2024
Jakub Lauko	https://www.hockey-reference.com/players/l/laukoja01.html	C	Left	2023-2024
Jeremy Lauzon	https://www.hockey-reference.com/players/l/lauzoje01.html	D	Left	2019-2024
Raphael Lavoie	https://www.hockey-reference.com/players/l/lavoira01.html	C	Right	2024
Curtis Lazar	https://www.hockey-reference.com/players/l/lazarcu01.html	C	Right	2015-2024
Brett Leason	https://www.hockey-reference.com/players/l/leasobr01.html	RW	Right	2022-2024
Nick Leddy	https://www.hockey-reference.com/players/l/leddyni01.html	D	Left	2011-2024
Anders Lee	https://www.hockey-reference.com/players/l/leean01.html	LW	Left	2013-2024
Artturi Lehkonen	https://www.hockey-reference.com/players/l/lehkoar01.html	LW	Left	2017-2024
Brendan Lemieux	https://www.hockey-reference.com/players/l/lemiebr01.html	LW	Left	2018-2024
John Leonard	https://www.hockey-reference.com/players/l/leonajo01.html	LW	Left	2021-2024
Jake Leschyshyn	https://www.hockey-reference.com/players/l/leschja01.html	C	Left	2022-2024
Kris Letang	https://www.hockey-reference.com/players/l/letankr01.html	D	Right	2007-2024
Vinni Lettieri	https://www.hockey-reference.com/players/l/lettivi01.html	C	Right	2018-2024
Devon Levi	https://www.hockey-reference.com/players/l/levide01.html	G	Not Found	2023-2024
Trevor Lewis	https://www.hockey-reference.com/players/l/lewistr01.html	C	Right	2009-2024
Timothy Liljegren	https://www.hockey-reference.com/players/l/liljeti01.html	D	Right	2020-2024
Kole Lind	https://www.hockey-reference.com/players/l/lindko01.html	RW	Right	2021-2024
Oskar Lindblom	https://www.hockey-reference.com/players/l/lindbos01.html	LW	Left	2018-2024
Esa Lindell	https://www.hockey-reference.com/players/l/lindees01.html	D	Left	2016-2024
Charlie Lindgren	https://www.hockey-reference.com/players/l/lindgch01.html	G	Not Found	2016-2024
Ryan Lindgren	https://www.hockey-reference.com/players/l/lindgry01.html	D	Left	2019-2024
Elias Lindholm	https://www.hockey-reference.com/players/l/lindhel01.html	C	Right	2014-2024
Hampus Lindholm	https://www.hockey-reference.com/players/l/lindhha01.html	D	Left	2014-2024
Gustav Lindström	https://www.hockey-reference.com/players/l/lindsgu01.html	D	Right	2020-2024
Blake Lizotte	https://www.hockey-reference.com/players/l/lizotbl01.html	C	Left	2019-2024
William Lockwood	https://www.hockey-reference.com/players/l/lockwwi01.html	RW	Right	2021-2024
Mason Lohrei	https://www.hockey-reference.com/players/l/lohrema01.html	D	Left	2024
Ryan Lomberg	https://www.hockey-reference.com/players/l/lombery01.html	LW	Left	2018-2024
Steven Lorentz	https://www.hockey-reference.com/players/l/lorenst01.html	C	Left	2021-2024
Adam Lowry	https://www.hockey-reference.com/players/l/lowryad01.html	LW	Left	2015-2024
Jake Lucchini	https://www.hockey-reference.com/players/l/lucchja01.html	F	Left	2023-2024
Milan Lucic	https://www.hockey-reference.com/players/l/lucicmi01.html	LW	Left	2008-2024
John Ludvig	https://www.hockey-reference.com/players/l/ludvijo01.html	D	Left	2024
Anton Lundell	https://www.hockey-reference.com/players/l/lundean01.html	C	Left	2022-2024
Isac Lundeström	https://www.hockey-reference.com/players/l/lundeis01.html	C	Left	2019-2024
Nils Lundkvist	https://www.hockey-reference.com/players/l/lundkni01.html	D	Right	2022-2024
Tristan Luneau	https://www.hockey-reference.com/players/l/luneatr01.html	D	Right	2024
Eetu Luostarinen	https://www.hockey-reference.com/players/l/luostee01.html	C	Left	2020-2024
Ukko-Pekka Luukkonen	https://www.hockey-reference.com/players/l/luukkuk01.html	G	Not Found	2021-2024
Olle Lycksell	https://www.hockey-reference.com/players/l/lycksol01.html	RW	Left	2023-2024
Alex Lyon	https://www.hockey-reference.com/players/l/lyonal01.html	G	Not Found	2018-2024
Ilya Lyubushkin	https://www.hockey-reference.com/players/l/lyubuil01.html	D	Right	2019-2024
Olli Määttä	https://www.hockey-reference.com/players/m/maattol01.html	D	Left	2014-2024
Matias Maccelli	https://www.hockey-reference.com/players/m/maccema01.html	LW	Left	2022-2024
Kurtis MacDermid	https://www.hockey-reference.com/players/m/macdeku01.html	D	Left	2018-2024
Jacob MacDonald	https://www.hockey-reference.com/players/m/macdoja02.html	D	Left	2019-2024
Mackenzie MacEachern	https://www.hockey-reference.com/players/m/maceama01.html	LW	Left	2019-2024
Zack MacEwen	https://www.hockey-reference.com/players/m/macewza01.html	C	Right	2019-2024
Connor Mackey	https://www.hockey-reference.com/players/m/mackeco01.html	D	Left	2021-2024
Nathan MacKinnon	https://www.hockey-reference.com/players/m/mackina01.html	C	Right	2014-2024
Kyle MacLean	https://www.hockey-reference.com/players/m/macleky01.html	F	Left	2024
Josh Mahura	https://www.hockey-reference.com/players/m/mahurjo01.html	D	Left	2019-2024
Logan Mailloux	https://www.hockey-reference.com/players/m/mailllo01.html	D	Right	2024
Cale Makar	https://www.hockey-reference.com/players/m/makarca01.html	D	Right	2020-2024
James Malatesta	https://www.hockey-reference.com/players/m/malatja01.html	LW	Left	2024
Beck Malenstyn	https://www.hockey-reference.com/players/m/malenbe01.html	LW	Left	2020-2024
Sam Malinski	https://www.hockey-reference.com/players/m/malinsa01.html	D	Right	2024
Evgeni Malkin	https://www.hockey-reference.com/players/m/malkiev01.html	C	Left	2007-2024
Andrew Mangiapane	https://www.hockey-reference.com/players/m/mangian01.html	LW	Left	2018-2024
Josh Manson	https://www.hockey-reference.com/players/m/mansojo01.html	D	Right	2015-2024
Anthony Mantha	https://www.hockey-reference.com/players/m/manthan01.html	RW	Left	2016-2024
Brad Marchand	https://www.hockey-reference.com/players/m/marchbr03.html	LW	Left	2010-2024
Kirill Marchenko	https://www.hockey-reference.com/players/m/marchki01.html	RW	Right	2023-2024
Jonathan Marchessault	https://www.hockey-reference.com/players/a/audymjo01.html	C	Right	2013-2024
Mason Marchment	https://www.hockey-reference.com/players/m/marchma01.html	F	Left	2020-2024
John Marino	https://www.hockey-reference.com/players/m/marinjo01.html	D	Right	2020-2024
Jacob Markström	https://www.hockey-reference.com/players/m/marksja02.html	G	Not Found	2011-2024
Mitch Marner	https://www.hockey-reference.com/players/m/marnemi01.html	RW	Right	2017-2024
Pat Maroon	https://www.hockey-reference.com/players/m/maroopa01.html	LW	Left	2012-2024
Matt Martin	https://www.hockey-reference.com/players/m/martima02.html	LW	Left	2010-2024
Spencer Martin	https://www.hockey-reference.com/players/m/martisp01.html	G	Not Found	2017-2024
Alec Martinez	https://www.hockey-reference.com/players/m/martial01.html	D	Left	2010-2024
Jordan Martinook	https://www.hockey-reference.com/players/m/martijo01.html	LW	Left	2015-2024
Emil Martinsen Lilleberg	https://www.hockey-reference.com/players/m/martiem01.html	D	Left	2024
Mike Matheson	https://www.hockey-reference.com/players/m/mathemi01.html	D	Left	2016-2024
Nikolas Matinpalo	https://www.hockey-reference.com/players/m/matinni01.html	D	Right	2024
Auston Matthews	https://www.hockey-reference.com/players/m/matthau01.html	C	Left	2017-2024
Scott Mayfield	https://www.hockey-reference.com/players/m/mayfisc01.html	D	Right	2014-2024
Charlie McAvoy	https://www.hockey-reference.com/players/m/mcavoch01.html	D	Right	2018-2024
Jack McBain	https://www.hockey-reference.com/players/m/mcbaija03.html	C	Left	2022-2024
Jake McCabe	https://www.hockey-reference.com/players/m/mccabja01.html	D	Left	2014-2024
Jared McCann	https://www.hockey-reference.com/players/m/mccanja01.html	C	Left	2016-2024
Michael McCarron	https://www.hockey-reference.com/players/m/mccarmi01.html	RW	Right	2016-2024
Max McCormick	https://www.hockey-reference.com/players/m/mccorma01.html	LW	Left	2016-2024
Connor McDavid	https://www.hockey-reference.com/players/m/mcdavco01.html	C	Left	2016-2024
Ryan McDonagh	https://www.hockey-reference.com/players/m/mcdonry01.html	D	Left	2011-2024
Hugh McGing	https://www.hockey-reference.com/players/m/mcginhu01.html	LW	Left	2023-2024
Brock McGinn	https://www.hockey-reference.com/players/m/mcginbr01.html	LW	Left	2016-2024
Dylan McIlrath	https://www.hockey-reference.com/players/m/mcilrdy01.html	D	Right	2014-2024
Marc McLaughlin	https://www.hockey-reference.com/players/m/mclauma01.html	F	Right	2022-2024
Michael McLeod	https://www.hockey-reference.com/players/m/mcleomi01.html	C	Right	2019-2024
Ryan McLeod	https://www.hockey-reference.com/players/m/mcleory01.html	C	Left	2021-2024
Bobby McMann	https://www.hockey-reference.com/players/m/mcmanbo02.html	F	Left	2023-2024
Connor McMichael	https://www.hockey-reference.com/players/m/mcmicco01.html	C	Left	2021-2024
Brayden McNabb	https://www.hockey-reference.com/players/m/mcnabbr01.html	D	Left	2012-2024
Mason McTavish	https://www.hockey-reference.com/players/m/mctavma01.html	C	Left	2022-2024
Cole McWard	https://www.hockey-reference.com/players/m/mcwarco01.html	D	Right	2023-2024
Jaycob Megna	https://www.hockey-reference.com/players/m/megnaja02.html	D	Left	2017-2024
Jayson Megna	https://www.hockey-reference.com/players/m/megnaja01.html	C	Right	2014-2024
Timo Meier	https://www.hockey-reference.com/players/m/meierti01.html	RW	Left	2017-2024
Dawson Mercer	https://www.hockey-reference.com/players/m/merceda01.html	C	Right	2022-2024
Waltteri Merela	https://www.hockey-reference.com/players/m/merelwa01.html	F	Right	2024
Georgii Merkulov	https://www.hockey-reference.com/players/m/merkuge01.html	F	Left	2024
Dakota Mermis	https://www.hockey-reference.com/players/m/mermida01.html	D	Left	2018-2024
Jonathon Merrill	https://www.hockey-reference.com/players/m/merrijo01.html	D	Left	2014-2024
Elvis Merzļikins	https://www.hockey-reference.com/players/m/merzlel01.html	G	Not Found	2020-2024
Victor Mete	https://www.hockey-reference.com/players/m/metevi01.html	D	Left	2018-2024
Carson Meyer	https://www.hockey-reference.com/players/m/meyerca01.html	RW	Right	2022-2024
Ben Meyers	https://www.hockey-reference.com/players/m/meyerbe01.html	F	Left	2022-2024
Jacob Middleton	https://www.hockey-reference.com/players/m/middlja01.html	D	Left	2019-2024
Ilya Mikheyev	https://www.hockey-reference.com/players/m/mikheil01.html	F	Left	2020-2024
Niko Mikkola	https://www.hockey-reference.com/players/m/mikkoni01.html	D	Left	2020-2024
Sonny Milano	https://www.hockey-reference.com/players/m/milanso01.html	LW	Left	2016-2024
Colin Miller	https://www.hockey-reference.com/players/m/milleco02.html	D	Right	2016-2024
J.T. Miller	https://www.hockey-reference.com/players/m/millejt01.html	C	Left	2013-2024
K'Andre Miller	https://www.hockey-reference.com/players/m/milleka01.html	D	Left	2021-2024
Fraser Minten	https://www.hockey-reference.com/players/m/mintefr01.html	C	Left	2024
Pavel Mintyukov	https://www.hockey-reference.com/players/m/mintypa01.html	D	Left	2024
Daniil Miromanov	https://www.hockey-reference.com/players/m/miromda01.html	D	Right	2022-2024
Ivan Miroshnichenko	https://www.hockey-reference.com/players/m/mirosiv01.html	LW	Right	2024
Ian Mitchell	https://www.hockey-reference.com/players/m/mitchia01.html	D	Right	2021-2024
Casey Mittelstadt	https://www.hockey-reference.com/players/m/mitteca01.html	C	Left	2018-2024
Sean Monahan	https://www.hockey-reference.com/players/m/monahse01.html	C	Left	2014-2024
Sam Montembeault	https://www.hockey-reference.com/players/m/montesa01.html	G	Not Found	2019-2024
Brandon Montour	https://www.hockey-reference.com/players/m/montobr01.html	D	Right	2017-2024
Trevor Moore	https://www.hockey-reference.com/players/m/mooretr01.html	LW	Left	2019-2024
Mason Morelli	https://www.hockey-reference.com/players/m/morelma01.html	F	Left	2024
Logan Morrison	https://www.hockey-reference.com/players/m/morrilo01.html	F	Right	2024
Josh Morrissey	https://www.hockey-reference.com/players/m/morrijo04.html	D	Left	2016-2024
Scott Morrow	https://www.hockey-reference.com/players/m/morrosc02.html	D	Right	2024
J.J. Moser	https://www.hockey-reference.com/players/m/moserja01.html	D	Left	2022-2024
Tyler Motte	https://www.hockey-reference.com/players/m/mottety01.html	C	Left	2017-2024
Jacob Moverare	https://www.hockey-reference.com/players/m/moverja01.html	D	Left	2022-2024
Petr Mrázek	https://www.hockey-reference.com/players/m/mrazepe01.html	G	Not Found	2013-2024
Shakir Mukhamadullin	https://www.hockey-reference.com/players/m/mukhash01.html	D	Left	2024
Connor Murphy	https://www.hockey-reference.com/players/m/murphco02.html	D	Right	2014-2024
Brett Murray	https://www.hockey-reference.com/players/m/murrabr02.html	LW	Left	2021-2024
Matt Murray	https://www.hockey-reference.com/players/m/murrama03.html	G	Not Found	2023-2024
Philippe Myers	https://www.hockey-reference.com/players/m/myersph01.html	D	Right	2019-2024
Tyler Myers	https://www.hockey-reference.com/players/m/myersty01.html	D	Right	2010-2024
Bradly Nadeau	https://www.hockey-reference.com/players/n/nadeabr01.html	LW	Right	2024
Vladislav Namestnikov	https://www.hockey-reference.com/players/n/namesvl01.html	C	Left	2014-2024
Riley Nash	https://www.hockey-reference.com/players/n/nashri02.html	C	Right	2012-2024
Frank Nazar	https://www.hockey-reference.com/players/n/nazarfr01.html	C	Right	2024
Martin Nečas	https://www.hockey-reference.com/players/n/necasma01.html	C	Right	2018-2024
Alex Nedeljkovic	https://www.hockey-reference.com/players/n/nedelal01.html	G	Not Found	2017-2024
Jake Neighbours	https://www.hockey-reference.com/players/n/neighja01.html	LW	Left	2022-2024
Brock Nelson	https://www.hockey-reference.com/players/n/nelsobr01.html	C	Left	2014-2024
Simon Nemec	https://www.hockey-reference.com/players/n/nemecsi01.html	D	Right	2024
Nikita Nesterenko	https://www.hockey-reference.com/players/n/nesteni02.html	C	Left	2023-2024
Alex Newhook	https://www.hockey-reference.com/players/n/newhoal01.html	C	Left	2021-2024
Valeri Nichushkin	https://www.hockey-reference.com/players/n/nichuva01.html	RW	Left	2014-2024
Nino Niederreiter	https://www.hockey-reference.com/players/n/niedeni01.html	RW	Left	2011-2024
Matthew Nieto	https://www.hockey-reference.com/players/n/nietoma01.html	LW	Left	2014-2024
Stefan Noesen	https://www.hockey-reference.com/players/n/noesest01.html	RW	Right	2015-2024
Joshua Norris	https://www.hockey-reference.com/players/n/norrijo01.html	C	Left	2020-2024
Tomáš Nosek	https://www.hockey-reference.com/players/n/nosekto01.html	C	Left	2016-2024
Thomas Novak	https://www.hockey-reference.com/players/n/novakth01.html	C	Left	2022-2024
Ryan Nugent-Hopkins	https://www.hockey-reference.com/players/n/nugenry01.html	C	Left	2012-2024
Darnell Nurse	https://www.hockey-reference.com/players/n/nurseda01.html	D	Left	2015-2024
Alexander Nylander	https://www.hockey-reference.com/players/n/nylanal01.html	LW	Right	2017-2024
William Nylander	https://www.hockey-reference.com/players/n/nylanwi01.html	C	Right	2016-2024
Gustav Nyquist	https://www.hockey-reference.com/players/n/nyquigu01.html	RW	Left	2012-2024
Liam O'Brien	https://www.hockey-reference.com/players/o/obrieli01.html	C	Left	2015-2024
Drew O'Connor	https://www.hockey-reference.com/players/o/oconndr01.html	F	Left	2021-2024
Logan O'Connor	https://www.hockey-reference.com/players/o/oconnlo01.html	RW	Right	2019-2024
Ryan O'Reilly	https://www.hockey-reference.com/players/o/oreilry01.html	C	Left	2010-2024
Jordan Oesterle	https://www.hockey-reference.com/players/o/oestejo01.html	D	Left	2015-2024
Jake Oettinger	https://www.hockey-reference.com/players/o/oettija01.html	G	Not Found	2021-2024
Liam Ohgren	https://www.hockey-reference.com/players/o/ohgreli01.html	LW	Left	2024
Nikita Okhotyuk	https://www.hockey-reference.com/players/o/okhotni01.html	D	Left	2022-2024
Kyle Okposo	https://www.hockey-reference.com/players/o/okposky01.html	RW	Right	2008-2024
Oskar Olausson	https://www.hockey-reference.com/players/o/olausos01.html	RW	Left	2023-2024
Jamie Oleksiak	https://www.hockey-reference.com/players/o/oleksja01.html	D	Left	2013-2024
Mathieu Olivier	https://www.hockey-reference.com/players/o/olivima01.html	F	Right	2020-2024
Fredrik Olofsson	https://www.hockey-reference.com/players/o/olofsfr01.html	LW	Left	2023-2024
Gustav Olofsson	https://www.hockey-reference.com/players/o/olofsgu01.html	D	Left	2016-2024
Victor Olofsson	https://www.hockey-reference.com/players/o/olofsvi01.html	RW	Left	2019-2024
Dmitry Orlov	https://www.hockey-reference.com/players/o/orlovdm01.html	D	Left	2012-2024
T.J. Oshie	https://www.hockey-reference.com/players/o/oshietj01.html	C	Right	2009-2024
Zack Ostapchuk	https://www.hockey-reference.com/players/o/ostapza01.html	C	Left	2024
Brennan Othmann	https://www.hockey-reference.com/players/o/othmabr01.html	LW	Left	2024
Alex Ovechkin	https://www.hockey-reference.com/players/o/ovechal01.html	LW	Right	2006-2024
Brayden Pachal	https://www.hockey-reference.com/players/p/pachabr01.html	D	Right	2022-2024
Max Pacioretty	https://www.hockey-reference.com/players/p/pacioma01.html	LW	Left	2009-2024
Jean-Gabriel Pageau	https://www.hockey-reference.com/players/p/pageaje01.html	C	Right	2013-2024
Ondřej Palát	https://www.hockey-reference.com/players/p/palaton01.html	LW	Left	2013-2024
Kyle Palmieri	https://www.hockey-reference.com/players/p/palmiky01.html	RW	Right	2011-2024
Artemi Panarin	https://www.hockey-reference.com/players/p/panarar01.html	LW	Right	2016-2024
Colton Parayko	https://www.hockey-reference.com/players/p/parayco01.html	D	Right	2016-2024
Zach Parise	https://www.hockey-reference.com/players/p/parisza01.html	LW	Left	2006-2024
Juuso Pärssinen	https://www.hockey-reference.com/players/p/parssju01.html	C	Left	2023-2024
David Pastrňák	https://www.hockey-reference.com/players/p/pastrda01.html	RW	Right	2015-2024
Jiří Patera	https://www.hockey-reference.com/players/p/paterji01.html	G	Not Found	2023-2024
Nick Paul	https://www.hockey-reference.com/players/p/paulni01.html	LW	Left	2016-2024
Ondrej Pavel	https://www.hockey-reference.com/players/p/pavelon02.html	F	Left	2024
Joe Pavelski	https://www.hockey-reference.com/players/p/paveljo01.html	C	Right	2007-2024
Tanner Pearson	https://www.hockey-reference.com/players/p/pearsta01.html	LW	Left	2014-2024
Andrew Peeke	https://www.hockey-reference.com/players/p/peekean01.html	D	Right	2020-2024
Adam Pelech	https://www.hockey-reference.com/players/p/pelecad01.html	D	Left	2016-2024
Jakob Pelletier	https://www.hockey-reference.com/players/p/pelleja01.html	LW	Left	2023-2024
Nicklaus Perbix	https://www.hockey-reference.com/players/p/perbini01.html	D	Right	2023-2024
Yaniv Perets	https://www.hockey-reference.com/players/p/peretya01.html	G	Not Found	2024
Cole Perfetti	https://www.hockey-reference.com/players/p/perfeco01.html	C	Left	2022-2024
David Perron	https://www.hockey-reference.com/players/p/perroda01.html	LW	Right	2008-2024
Corey Perry	https://www.hockey-reference.com/players/p/perryco01.html	RW	Right	2006-2024
Scott Perunovich	https://www.hockey-reference.com/players/p/perunsc01.html	D	Left	2022-2024
Brett Pesce	https://www.hockey-reference.com/players/p/pescebr01.html	D	Right	2016-2024
Nic Petan	https://www.hockey-reference.com/players/p/petanni01.html	C	Left	2016-2024
John-Jason Peterka	https://www.hockey-reference.com/players/p/peterjo01.html	RW	Left	2022-2024
Calvin Petersen	https://www.hockey-reference.com/players/p/peterca01.html	G	Not Found	2019-2024
Jacob Peterson	https://www.hockey-reference.com/players/p/peterja01.html	C	Left	2022-2024
Alexander Petrovic	https://www.hockey-reference.com/players/p/petroal01.html	D	Right	2013-2024
Jeff Petry	https://www.hockey-reference.com/players/p/petryje01.html	D	Right	2011-2024
Elias Pettersson	https://www.hockey-reference.com/players/p/petteel01.html	C	Left	2019-2024
Marcus Pettersson	https://www.hockey-reference.com/players/p/pettema01.html	D	Left	2018-2024
Michael Pezzetta	https://www.hockey-reference.com/players/p/pezzemi01.html	C	Left	2022-2024
Isaak Phillips	https://www.hockey-reference.com/players/p/phillis01.html	D	Left	2022-2024
Matthew Phillips	https://www.hockey-reference.com/players/p/phillma01.html	F	Right	2021-2024
Calvin Pickard	https://www.hockey-reference.com/players/p/pickaca01.html	G	Not Found	2015-2024
Alex Pietrangelo	https://www.hockey-reference.com/players/p/pietral01.html	D	Right	2009-2024
Shane Pinto	https://www.hockey-reference.com/players/p/pintosh01.html	C	Right	2021-2024
Neal Pionk	https://www.hockey-reference.com/players/p/pionkne01.html	D	Right	2018-2024
Rem Pitlick	https://www.hockey-reference.com/players/p/pitlire01.html	C	Left	2019-2024
Tyler Pitlick	https://www.hockey-reference.com/players/p/pitlity01.html	C	Right	2014-2024
Vasily Podkolzin	https://www.hockey-reference.com/players/p/podkova01.html	RW	Left	2022-2024
Ryan Poehling	https://www.hockey-reference.com/players/p/poehlry01.html	C	Left	2019-2024
Brayden Point	https://www.hockey-reference.com/players/p/pointbr01.html	C	Right	2017-2024
Matthew Poitras	https://www.hockey-reference.com/players/p/poitrma01.html	C	Right	2024
Jason Polin	https://www.hockey-reference.com/players/p/polinja01.html	F	Right	2024
Vasiliy Ponomarev	https://www.hockey-reference.com/players/p/ponomva01.html	C	Left	2024
Martin Pospisil	https://www.hockey-reference.com/players/p/pospima01.html	C	Left	2024
Andrew Poturalski	https://www.hockey-reference.com/players/p/poturan01.html	C	Right	2017-2024
Samuel Poulin	https://www.hockey-reference.com/players/p/poulisa01.html	RW	Left	2023-2024
Derrick Pouliot	https://www.hockey-reference.com/players/p/poulide01.html	D	Left	2015-2024
Owen Power	https://www.hockey-reference.com/players/p/powerow01.html	D	Left	2022-2024
Cayden Primeau	https://www.hockey-reference.com/players/p/primeca01.html	G	Not Found	2020-2024
Ivan Prosvetov	https://www.hockey-reference.com/players/p/prosviv01.html	G	Not Found	2021-2024
Aliaksei Protas	https://www.hockey-reference.com/players/p/protaal01.html	C	Left	2022-2024
Ivan Provorov	https://www.hockey-reference.com/players/p/provoiv01.html	D	Left	2017-2024
Jesse Puljujärvi	https://www.hockey-reference.com/players/p/puljuje01.html	RW	Right	2017-2024
Ryan Pulock	https://www.hockey-reference.com/players/p/pulocry01.html	D	Right	2016-2024
Valtteri Puustinen	https://www.hockey-reference.com/players/p/puustva01.html	RW	Right	2022-2024
Mikael Pyyhtia	https://www.hockey-reference.com/players/p/pyyhtmi01.html	LW	Left	2023-2024
Jonathan Quick	https://www.hockey-reference.com/players/q/quickjo01.html	G	Not Found	2008-2024
Jack Quinn	https://www.hockey-reference.com/players/q/quinnja01.html	RW	Right	2022-2024
Antti Raanta	https://www.hockey-reference.com/players/r/raantan01.html	G	Not Found	2014-2024
Darren Raddysh	https://www.hockey-reference.com/players/r/raddyda01.html	D	Right	2022-2024
Taylor Raddysh	https://www.hockey-reference.com/players/r/raddyta01.html	RW	Right	2022-2024
Rickard Rakell	https://www.hockey-reference.com/players/r/rakelri01.html	RW	Right	2013-2024
Mikko Rantanen	https://www.hockey-reference.com/players/r/rantami01.html	RW	Left	2016-2024
Adam Raška	https://www.hockey-reference.com/players/r/raskaad01.html	RW	Right	2022-2024
Michael Rasmussen	https://www.hockey-reference.com/players/r/rasmumi01.html	C	Left	2019-2024
Aku Raty	https://www.hockey-reference.com/players/r/ratyak01.html	RW	Right	2024
Lucas Raymond	https://www.hockey-reference.com/players/r/raymolu01.html	LW	Right	2022-2024
Ryan Reaves	https://www.hockey-reference.com/players/r/reavery01.html	RW	Right	2011-2024
Pavol Regenda	https://www.hockey-reference.com/players/r/regenpa01.html	F	Left	2023-2024
Lukas Reichel	https://www.hockey-reference.com/players/r/reichlu01.html	LW	Left	2022-2024
Mike Reilly	https://www.hockey-reference.com/players/r/reillmi01.html	D	Left	2016-2024
James Reimer	https://www.hockey-reference.com/players/r/reimeja01.html	G	Not Found	2011-2024
Sam Reinhart	https://www.hockey-reference.com/players/r/reinhsa01.html	C	Right	2015-2024
Sheldon Rempal	https://www.hockey-reference.com/players/r/rempash01.html	RW	Right	2019-2024
Matt Rempe	https://www.hockey-reference.com/players/r/rempema01.html	C	Right	2024
Anthony Richard	https://www.hockey-reference.com/players/r/richaan01.html	C	Left	2019-2024
Morgan Rielly	https://www.hockey-reference.com/players/r/riellmo01.html	D	Left	2014-2024
Marshall Rifai	https://www.hockey-reference.com/players/r/rifaima01.html	D	Left	2024
Rasmus Ristolainen	https://www.hockey-reference.com/players/r/ristora01.html	D	Right	2014-2024
David Rittich	https://www.hockey-reference.com/players/r/rittida01.html	G	Not Found	2017-2024
Jason Robertson	https://www.hockey-reference.com/players/r/roberja01.html	LW	Left	2020-2024
Nicholas Robertson	https://www.hockey-reference.com/players/r/roberni01.html	LW	Left	2021-2024
Eric Robinson	https://www.hockey-reference.com/players/r/robiner01.html	LW	Left	2018-2024
Evan Rodrigues	https://www.hockey-reference.com/players/r/rodriev01.html	C	Right	2016-2024
Alexander Romanov	https://www.hockey-reference.com/players/r/romanal01.html	D	Left	2021-2024
Georgi Romanov	https://www.hockey-reference.com/players/r/romange01.html	G	Not Found	2024
Kevin Rooney	https://www.hockey-reference.com/players/r/rooneke01.html	C	Left	2017-2024
Filip Roos	https://www.hockey-reference.com/players/r/roosfi01.html	D	Left	2023-2024
Calle Rosén	https://www.hockey-reference.com/players/r/rosenca01.html	D	Left	2018-2024
Isak Rosen	https://www.hockey-reference.com/players/r/rosenis01.html	RW	Left	2024
Jack Roslovic	https://www.hockey-reference.com/players/r/rosloja01.html	C	Right	2017-2024
Marco Rossi	https://www.hockey-reference.com/players/r/rossima01.html	C	Left	2022-2024
Lukáš Rousek	https://www.hockey-reference.com/players/r/rouselu01.html	RW	Left	2023-2024
Joshua Roy	https://www.hockey-reference.com/players/r/royjo01.html	RW	Left	2024
Matt Roy	https://www.hockey-reference.com/players/r/royma04.html	D	Right	2019-2024
Nicolas Roy	https://www.hockey-reference.com/players/r/royni01.html	C	Right	2018-2024
Chad Ruhwedel	https://www.hockey-reference.com/players/r/ruhwech01.html	D	Right	2013-2024
Bryan Rust	https://www.hockey-reference.com/players/r/rustbr01.html	RW	Right	2015-2024
Jan Rutta	https://www.hockey-reference.com/players/r/ruttaja02.html	D	Right	2018-2024
Adam Ružička	https://www.hockey-reference.com/players/r/ruzicad01.html	C	Left	2021-2024
Derek Ryan	https://www.hockey-reference.com/players/r/ryande01.html	C	Right	2016-2024
Jonas Røndbjerg	https://www.hockey-reference.com/players/r/rondbjo01.html	RW	Left	2022-2024
Brandon Saad	https://www.hockey-reference.com/players/s/saadbr01.html	LW	Left	2012-2024
Scott Sabourin	https://www.hockey-reference.com/players/s/sabousc01.html	F	Right	2020-2024
Dylan Samberg	https://www.hockey-reference.com/players/s/sambedy01.html	D	Left	2022-2024
Mackie Samoskevich	https://www.hockey-reference.com/players/s/samosma01.html	RW	Right	2024
Ilya Samsonov	https://www.hockey-reference.com/players/s/samsoil01.html	G	Not Found	2020-2024
Mattias Samuelsson	https://www.hockey-reference.com/players/s/samuema02.html	D	Left	2021-2024
Jake Sanderson	https://www.hockey-reference.com/players/s/sandeja01.html	D	Left	2023-2024
Rasmus Sandin	https://www.hockey-reference.com/players/s/sandira01.html	D	Left	2020-2024
Felix Sandström	https://www.hockey-reference.com/players/s/sandsfe01.html	G	Not Found	2022-2024
Zach Sanford	https://www.hockey-reference.com/players/s/sanfoza01.html	LW	Left	2017-2024
Travis Sanheim	https://www.hockey-reference.com/players/s/sanhetr01.html	D	Left	2018-2024
Juuse Saros	https://www.hockey-reference.com/players/s/sarosju01.html	G	Not Found	2016-2024
David Savard	https://www.hockey-reference.com/players/s/savarda01.html	D	Right	2012-2024
Matthew Savoie	https://www.hockey-reference.com/players/s/savoima01.html	C	Right	2024
Marco Scandella	https://www.hockey-reference.com/players/s/scandma01.html	D	Left	2011-2024
Brandon Scanlin	https://www.hockey-reference.com/players/s/scanlbr01.html	D	Left	2024
Mark Scheifele	https://www.hockey-reference.com/players/s/scheima01.html	C	Right	2012-2024
Brayden Schenn	https://www.hockey-reference.com/players/s/schenbr01.html	C	Left	2010-2024
Luke Schenn	https://www.hockey-reference.com/players/s/schenlu01.html	D	Right	2009-2024
Nick Schmaltz	https://www.hockey-reference.com/players/s/schmani01.html	C	Right	2017-2024
Akira Schmid	https://www.hockey-reference.com/players/s/schmiak01.html	G	Not Found	2022-2024
Nate Schmidt	https://www.hockey-reference.com/players/s/schmina01.html	D	Left	2014-2024
Braden Schneider	https://www.hockey-reference.com/players/s/schnebr01.html	D	Right	2022-2024
Justin Schultz	https://www.hockey-reference.com/players/s/schulju01.html	D	Right	2013-2024
Jaden Schwartz	https://www.hockey-reference.com/players/s/schwaja01.html	C	Left	2012-2024
Cole Schwindt	https://www.hockey-reference.com/players/s/schwico01.html	RW	Right	2022-2024
Nick Seeler	https://www.hockey-reference.com/players/s/seeleni01.html	D	Left	2018-2024
Tyler Seguin	https://www.hockey-reference.com/players/s/seguity01.html	C	Right	2011-2024
Moritz Seider	https://www.hockey-reference.com/players/s/seidemo01.html	D	Right	2022-2024
Brett Seney	https://www.hockey-reference.com/players/s/seneybr01.html	LW	Left	2019-2024
Mikhail Sergachev	https://www.hockey-reference.com/players/s/sergami01.html	D	Left	2017-2024
Damon Severson	https://www.hockey-reference.com/players/s/severda01.html	D	Right	2015-2024
Michael Sgarbossa	https://www.hockey-reference.com/players/s/sgarbmi01.html	C	Left	2013-2024
Yegor Sharangovich	https://www.hockey-reference.com/players/s/sharaye01.html	C	Left	2021-2024
Kevin Shattenkirk	https://www.hockey-reference.com/players/s/shattke01.html	D	Right	2011-2024
Mason Shaw	https://www.hockey-reference.com/players/s/shawma01.html	C	Left	2022-2024
Ryan Shea	https://www.hockey-reference.com/players/s/sheary01.html	D	Left	2024
Conor Sheary	https://www.hockey-reference.com/players/s/shearco01.html	LW	Left	2016-2024
Hunter Shepard	https://www.hockey-reference.com/players/s/shepahu01.html	G	Not Found	2024
Kiefer Sherwood	https://www.hockey-reference.com/players/s/sherwki01.html	RW	Right	2019-2024
Igor Shesterkin	https://www.hockey-reference.com/players/s/shestig01.html	G	Not Found	2020-2024
Devin Shore	https://www.hockey-reference.com/players/s/shorede01.html	C	Left	2016-2024
Jonas Siegenthaler	https://www.hockey-reference.com/players/s/siegejo01.html	D	Left	2019-2024
Jakob Silfverberg	https://www.hockey-reference.com/players/s/silfvja01.html	LW	Right	2013-2024
Cole Sillinger	https://www.hockey-reference.com/players/s/sillico01.html	C	Left	2022-2024
Arturs Silovs	https://www.hockey-reference.com/players/s/silovar01.html	G	Not Found	2023-2024
Colton Sissons	https://www.hockey-reference.com/players/s/sissoco01.html	C	Right	2014-2024
Jeff Skinner	https://www.hockey-reference.com/players/s/skinnje01.html	LW	Left	2011-2024
Stuart Skinner	https://www.hockey-reference.com/players/s/skinnst01.html	G	Not Found	2021-2024
Brady Skjei	https://www.hockey-reference.com/players/s/skjeibr01.html	D	Left	2016-2024
Juraj Slafkovsky	https://www.hockey-reference.com/players/s/slafkju01.html	LW	Left	2023-2024
Landon Slaggert	https://www.hockey-reference.com/players/s/slaggla01.html	LW	Left	2024
Jaccob Slavin	https://www.hockey-reference.com/players/s/slavija01.html	D	Left	2016-2024
Jiri Smejkal	https://www.hockey-reference.com/players/s/smejkji01.html	F	Left	2024
Brendan Smith	https://www.hockey-reference.com/players/s/smithbr05.html	D	Left	2012-2024
Cole Smith	https://www.hockey-reference.com/players/s/smithco02.html	F	Left	2021-2024
Craig Smith	https://www.hockey-reference.com/players/s/smithcr01.html	C	Right	2012-2024
Givani Smith	https://www.hockey-reference.com/players/s/smithgi01.html	RW	Left	2020-2024
Reilly Smith	https://www.hockey-reference.com/players/s/smithre01.html	RW	Left	2012-2024
Joe Snively	https://www.hockey-reference.com/players/s/snivejo01.html	F	Left	2022-2024
Arvid Söderblom	https://www.hockey-reference.com/players/s/soderar01.html	G	Not Found	2022-2024
Victor Söderström	https://www.hockey-reference.com/players/s/sodervi01.html	D	Right	2021-2024
Ilya Solovyov	https://www.hockey-reference.com/players/s/solovil01.html	D	Left	2024
Ilya Sorokin	https://www.hockey-reference.com/players/s/sorokil01.html	G	Not Found	2021-2024
Carson Soucy	https://www.hockey-reference.com/players/s/soucyca01.html	D	Left	2018-2024
Justin Sourdif	https://www.hockey-reference.com/players/s/sourdju01.html	RW	Right	2024
Jordan Spence	https://www.hockey-reference.com/players/s/spencjo01.html	D	Right	2022-2024
Daniel Sprong	https://www.hockey-reference.com/players/s/spronda01.html	RW	Right	2016-2024
Jared Spurgeon	https://www.hockey-reference.com/players/s/spurgja01.html	D	Right	2011-2024
John St. Ivany	https://www.hockey-reference.com/players/s/stivajo01.html	D	Right	2024
Jordan Staal	https://www.hockey-reference.com/players/s/staaljo01.html	C	Left	2007-2024
Marc Staal	https://www.hockey-reference.com/players/s/staalma01.html	D	Left	2008-2024
Steven Stamkos	https://www.hockey-reference.com/players/s/stamkst01.html	C	Right	2009-2024
Logan Stankoven	https://www.hockey-reference.com/players/s/stanklo01.html	C	Right	2024
Logan Stanley	https://www.hockey-reference.com/players/s/stanllo01.html	D	Left	2021-2024
Spencer Stastney	https://www.hockey-reference.com/players/s/stastsp01.html	D	Left	2023-2024
Troy Stecher	https://www.hockey-reference.com/players/s/stechtr01.html	D	Right	2017-2024
Sam Steel	https://www.hockey-reference.com/players/s/steelsa01.html	C	Left	2019-2024
Oskar Steen	https://www.hockey-reference.com/players/s/steenos01.html	C	Right	2021-2024
Alex Steeves	https://www.hockey-reference.com/players/s/steeval02.html	F	Left	2022-2024
Kevin Stenlund	https://www.hockey-reference.com/players/s/stenlke01.html	C	Right	2019-2024
Mitchell Stephens	https://www.hockey-reference.com/players/s/stephmi01.html	C	Right	2020-2024
Chandler Stephenson	https://www.hockey-reference.com/players/s/stephch02.html	C	Left	2016-2024
Anthony Stolarz	https://www.hockey-reference.com/players/s/stolaan01.html	G	Not Found	2017-2024
Mark Stone	https://www.hockey-reference.com/players/s/stonema01.html	RW	Right	2013-2024
Dylan Strome	https://www.hockey-reference.com/players/s/stromdy01.html	C	Left	2017-2024
Ryan Strome	https://www.hockey-reference.com/players/s/stromry01.html	C	Right	2014-2024
Jayden Struble	https://www.hockey-reference.com/players/s/strubja01.html	D	Left	2024
Marián Studenič	https://www.hockey-reference.com/players/s/studema01.html	RW	Left	2021-2024
Jack Studnicka	https://www.hockey-reference.com/players/s/studnja01.html	C	Right	2020-2024
Nico Sturm	https://www.hockey-reference.com/players/s/sturmni01.html	C	Left	2019-2024
Tim Stützle	https://www.hockey-reference.com/players/s/stuetti02.html	LW	Left	2021-2024
Malcolm Subban	https://www.hockey-reference.com/players/s/subbama01.html	G	Not Found	2015-2024
Oskar Sundqvist	https://www.hockey-reference.com/players/s/sundqos01.html	C	Right	2016-2024
Pius Suter	https://www.hockey-reference.com/players/s/suterpi01.html	F	Left	2021-2024
Ryan Suter	https://www.hockey-reference.com/players/s/suterry01.html	D	Left	2006-2024
Nick Suzuki	https://www.hockey-reference.com/players/s/suzukni01.html	C	Right	2020-2024
Andrei Svechnikov	https://www.hockey-reference.com/players/s/svechan01.html	RW	Left	2019-2024
Jeremy Swayman	https://www.hockey-reference.com/players/s/swaymje01.html	G	Not Found	2021-2024
Maksymilian Szuber	https://www.hockey-reference.com/players/s/szubema01.html	D	Left	2024
Mads Søgaard	https://www.hockey-reference.com/players/s/sogaama01.html	G	Not Found	2022-2024
Cam Talbot	https://www.hockey-reference.com/players/t/talboca01.html	G	Not Found	2014-2024
Brandon Tanev	https://www.hockey-reference.com/players/t/tanevbr01.html	LW	Left	2016-2024
Chris Tanev	https://www.hockey-reference.com/players/t/tanevch01.html	D	Right	2011-2024
Vladimir Tarasenko	https://www.hockey-reference.com/players/t/tarasvl01.html	RW	Left	2013-2024
Daniil Tarasov	https://www.hockey-reference.com/players/t/tarasda02.html	G	Not Found	2022-2024
Tomáš Tatar	https://www.hockey-reference.com/players/t/tatarto01.html	LW	Left	2011-2024
John Tavares	https://www.hockey-reference.com/players/t/tavarjo01.html	C	Left	2010-2024
Teuvo Teräväinen	https://www.hockey-reference.com/players/t/teravte01.html	F	Left	2014-2024
Troy Terry	https://www.hockey-reference.com/players/t/terrytr01.html	C	Right	2018-2024
Alexandre Texier	https://www.hockey-reference.com/players/t/texieal01.html	C	Left	2019-2024
Shea Theodore	https://www.hockey-reference.com/players/t/theodsh01.html	D	Left	2016-2024
Akil Thomas	https://www.hockey-reference.com/players/t/thomaak01.html	C	Right	2024
Robert Thomas	https://www.hockey-reference.com/players/t/thomaro01.html	C	Right	2019-2024
Jack Thompson	https://www.hockey-reference.com/players/t/thompja01.html	D	Right	2024
Logan Thompson	https://www.hockey-reference.com/players/t/thomplo01.html	G	Not Found	2021-2024
Tage Thompson	https://www.hockey-reference.com/players/t/thompta01.html	C	Right	2018-2024
Henry Thrun	https://www.hockey-reference.com/players/t/thrunhe01.html	D	Left	2023-2024
Chris Tierney	https://www.hockey-reference.com/players/t/tiernch01.html	C	Left	2015-2024
Conor Timmins	https://www.hockey-reference.com/players/t/timmico01.html	D	Right	2020-2024
Jarred Tinordi	https://www.hockey-reference.com/players/t/tinorja01.html	D	Left	2013-2024
Owen Tippett	https://www.hockey-reference.com/players/t/tippeow01.html	RW	Right	2018-2024
Brady Tkachuk	https://www.hockey-reference.com/players/t/tkachbr01.html	LW	Left	2019-2024
Matthew Tkachuk	https://www.hockey-reference.com/players/t/tkachma01.html	LW	Left	2017-2024
Devon Toews	https://www.hockey-reference.com/players/t/toewsde01.html	D	Left	2019-2024
Tyler Toffoli	https://www.hockey-reference.com/players/t/toffoty01.html	C	Right	2013-2024
Eeli Tolvanen	https://www.hockey-reference.com/players/t/tolvaee01.html	RW	Left	2018-2024
Philip Tomasino	https://www.hockey-reference.com/players/t/tomasph01.html	C	Right	2022-2024
Matt Tomkins	https://www.hockey-reference.com/players/t/tomkima01.html	G	Not Found	2024
Dominic Toninato	https://www.hockey-reference.com/players/t/tonindo01.html	C	Left	2018-2024
Alexey Toropchenko	https://www.hockey-reference.com/players/t/toropal01.html	RW	Left	2022-2024
Yakov Trenin	https://www.hockey-reference.com/players/t/treniya01.html	C	Left	2020-2024
Vincent Trocheck	https://www.hockey-reference.com/players/t/trochvi01.html	C	Right	2014-2024
Jacob Trouba	https://www.hockey-reference.com/players/t/troubja01.html	D	Right	2014-2024
Alex Tuch	https://www.hockey-reference.com/players/t/tuchal01.html	RW	Right	2017-2024
Tyler Tucker	https://www.hockey-reference.com/players/t/tuckety01.html	D	Left	2023-2024
Riley Tufte	https://www.hockey-reference.com/players/t/tufteri01.html	LW	Left	2022-2024
Alex Turcotte	https://www.hockey-reference.com/players/t/turcoal02.html	C	Left	2022-2024
Linus Ullmark	https://www.hockey-reference.com/players/u/ullmali01.html	G	Not Found	2016-2024
Urho Vaakanainen	https://www.hockey-reference.com/players/v/vaakaur01.html	D	Left	2019-2024
Juuso Välimäki	https://www.hockey-reference.com/players/v/valimju01.html	D	Left	2019-2024
James van Riemsdyk	https://www.hockey-reference.com/players/v/vanrija01.html	LW	Left	2010-2024
Trevor van Riemsdyk	https://www.hockey-reference.com/players/v/vanritr01.html	D	Right	2015-2024
Vítek Vaněček	https://www.hockey-reference.com/players/v/vanecvi01.html	G	Not Found	2021-2024
Semyon Varlamov	https://www.hockey-reference.com/players/v/varlasi01.html	G	Not Found	2009-2024
Andrei Vasilevskiy	https://www.hockey-reference.com/players/v/vasilan02.html	G	Not Found	2015-2024
Frank Vatrano	https://www.hockey-reference.com/players/v/vatrafr01.html	LW	Left	2016-2024
Karel Vejmelka	https://www.hockey-reference.com/players/v/vejmeka01.html	G	Not Found	2022-2024
Joe Veleno	https://www.hockey-reference.com/players/v/velenjo01.html	C	Left	2021-2024
Carter Verhaeghe	https://www.hockey-reference.com/players/v/verhaca01.html	C	Left	2020-2024
Jimmy Vesey	https://www.hockey-reference.com/players/v/veseyji02.html	LW	Left	2017-2024
Gabriel Vilardi	https://www.hockey-reference.com/players/v/vilarga01.html	C	Right	2020-2024
Matt Villalta	https://www.hockey-reference.com/players/v/villama01.html	G	Not Found	2024
Daniel Vladař	https://www.hockey-reference.com/players/v/vladada01.html	G	Not Found	2021-2024
Alex Vlasic	https://www.hockey-reference.com/players/v/vlasial01.html	D	Left	2022-2024
Marc-Édouard Vlasic	https://www.hockey-reference.com/players/v/vlasima01.html	D	Left	2007-2024
Dmitri Voronkov	https://www.hockey-reference.com/players/v/vorondi01.html	LW	Left	2024
Jakub Vrána	https://www.hockey-reference.com/players/v/vranaja01.html	LW	Left	2017-2024
Chris Wagner	https://www.hockey-reference.com/players/w/wagnech01.html	C	Right	2015-2024
Oliver Wahlstrom	https://www.hockey-reference.com/players/w/wahlsol01.html	RW	Right	2020-2024
Nathan Walker	https://www.hockey-reference.com/players/w/walkena01.html	C	Left	2018-2024
Samuel Walker	https://www.hockey-reference.com/players/w/walkesa01.html	C	Right	2023-2024
Sean Walker	https://www.hockey-reference.com/players/w/walkese01.html	D	Right	2019-2024
Jesper Wallstedt	https://www.hockey-reference.com/players/w/wallsje01.html	G	Not Found	2024
Jake Walman	https://www.hockey-reference.com/players/w/walmaja01.html	D	Left	2020-2024
Austin Watson	https://www.hockey-reference.com/players/w/watsoau01.html	LW	Right	2013-2024
Scott Wedgewood	https://www.hockey-reference.com/players/w/wedgesc01.html	G	Not Found	2016-2024
MacKenzie Weegar	https://www.hockey-reference.com/players/w/weegama01.html	D	Right	2017-2024
Alexander Wennberg	https://www.hockey-reference.com/players/w/wennbal01.html	C	Left	2015-2024
Zach Werenski	https://www.hockey-reference.com/players/w/werenza01.html	D	Left	2017-2024
Blake Wheeler	https://www.hockey-reference.com/players/w/wheelbl01.html	RW	Right	2009-2024
Colin White	https://www.hockey-reference.com/players/w/whiteco02.html	C	Right	2017-2024
Zach Whitecloud	https://www.hockey-reference.com/players/w/whiteza01.html	D	Right	2018-2024
Maxwell Willman	https://www.hockey-reference.com/players/w/willmma01.html	C	Left	2022-2024
Tom Wilson	https://www.hockey-reference.com/players/w/wilsoto01.html	RW	Right	2014-2024
Ryan Winterton	https://www.hockey-reference.com/players/w/wintery01.html	C	Right	2024
Dustin Wolf	https://www.hockey-reference.com/players/w/wolfdu01.html	G	Not Found	2023-2024
Joseph Woll	https://www.hockey-reference.com/players/w/wolljo01.html	G	Not Found	2022-2024
Miles Wood	https://www.hockey-reference.com/players/w/woodmi01.html	LW	Left	2016-2024
Parker Wotherspoon	https://www.hockey-reference.com/players/w/wothepa01.html	D	Left	2023-2024
Shane Wright	https://www.hockey-reference.com/players/w/wrighsh01.html	C	Right	2023-2024
Kailer Yamamoto	https://www.hockey-reference.com/players/y/yamamka01.html	RW	Right	2018-2024
Jesse Ylönen	https://www.hockey-reference.com/players/y/yloneje01.html	RW	Right	2021-2024
Cameron York	https://www.hockey-reference.com/players/y/yorkca01.html	D	Left	2021-2024
